run,unit_type,segment_idx,token_idx,text,start_ms,end_ms,dur_ms,start_in_silence,end_in_silence,overlap_ms,max_overlap_ms,n_regions_hit,first_region_id,first_region_type,first_region_start_ms,first_region_end_ms,overlap_any,overlap_gt_threshold
baseline,segment,3,-1, A longer pause may appear occasionally in this generated file.,29720,55380,25660,False,False,20586,20000,2,3,short_silence,31776,32362,True,True
baseline,segment,1,-1, This is a stable timestamps verification sample.,4040,26460,22420,False,False,20000,20000,1,1,long_silence,6398,26398,True,True
baseline,segment,145,-1, Please verify that boundaries snap away from silence.,217440,230440,13000,True,True,10388,9620,2,30,long_silence,207060,227060,True,True
baseline,segment,8,-1, Agent-based validation benefits from reputable synthetic inputs.,73440,80440,7000,True,True,7000,7000,1,8,long_silence,69954,89954,True,True
baseline,segment,147,-1, Now we add another line with slightly different pacing.,247440,256440,9000,True,False,6656,5909,2,32,long_silence,233349,253349,True,True
baseline,segment,7,-1, A longer pause may appear occasionally in this generated file.,66440,73440,7000,True,True,4074,3486,2,7,short_silence,65951,67028,True,True
baseline,segment,11,-1, Agent-based validation benefits from reputable synthetic inputs.,82440,85440,3000,True,True,3000,3000,1,8,long_silence,69954,89954,True,True
baseline,segment,10,-1, Agent-based validation benefits from reputable synthetic inputs.,80440,82440,2000,True,True,2000,2000,1,8,long_silence,69954,89954,True,True
baseline,segment,13,-1, Agent-based validation benefits from reputable synthetic inputs.,86440,88440,2000,True,True,2000,2000,1,8,long_silence,69954,89954,True,True
baseline,segment,35,-1, Agent-based validation benefits from reputable synthetic inputs.,108440,110440,2000,True,True,2000,2000,1,9,long_silence,91742,111742,True,True
baseline,segment,14,-1, Agent-based validation benefits from reputable synthetic inputs.,88440,90440,2000,True,False,1514,1514,1,8,long_silence,69954,89954,True,True
baseline,segment,151,-1, Now we add another line with slightly different pacing.,266440,270440,4000,False,True,1480,1364,2,36,short_silence,266638,268002,True,True
baseline,segment,152,-1, A longer pause may appear occasionally in this generated file.,270440,274440,4000,True,False,1371,1371,1,37,short_silence,270324,271811,True,True
baseline,segment,159,-1, Please verify that boundaries snap away from silence.,295440,299440,4000,False,False,1240,1240,1,44,short_silence,295943,297183,True,True
baseline,segment,153,-1, Whisper should align words near the actual spoken audio.,274440,278440,4000,False,True,1091,651,2,38,short_silence,274760,275411,True,True
baseline,segment,155,-1, Now we add another line with slightly different pacing.,281440,284440,3000,False,False,1089,1089,1,40,short_silence,281631,282720,True,True
baseline,segment,2,-1, The quick brown fox jumps over the lazy dart.,26460,29720,3260,False,False,1082,1082,1,2,short_silence,28581,29663,True,True
baseline,segment,157,-1, Whisper should align words near the actual spoken audio.,287440,291440,4000,False,False,1066,1066,1,42,short_silence,287882,288948,True,True
baseline,segment,150,-1, Whisper should align words near the actual spoken audio.,262440,266440,4000,False,False,1049,1049,1,35,short_silence,262872,263921,True,True
baseline,segment,158,-1, Agent-based validation benefits from repeatable synthetic inputs.,291440,295440,4000,False,False,1015,1015,1,43,short_silence,291677,292692,True,True
baseline,segment,12,-1, Agent-based validation benefits from reputable synthetic inputs.,85440,86440,1000,True,True,1000,1000,1,8,long_silence,69954,89954,True,True
baseline,segment,18,-1, Agent-based validation benefits from reputable synthetic inputs.,92440,93440,1000,True,True,1000,1000,1,9,long_silence,91742,111742,True,True
baseline,segment,19,-1, Agent-based validation benefits from reputable synthetic inputs.,93440,94440,1000,True,True,1000,1000,1,9,long_silence,91742,111742,True,True
baseline,segment,21,-1, Agent-based validation benefits from reputable synthetic inputs.,94440,95440,1000,True,True,1000,1000,1,9,long_silence,91742,111742,True,True
baseline,segment,22,-1, Agent-based validation benefits from reputable synthetic inputs.,95440,96440,1000,True,True,1000,1000,1,9,long_silence,91742,111742,True,True
baseline,segment,23,-1, Agent-based validation benefits from reputable synthetic inputs.,96440,97440,1000,True,True,1000,1000,1,9,long_silence,91742,111742,True,True
baseline,segment,24,-1, Agent-based validation benefits from reputable synthetic inputs.,97440,98440,1000,True,True,1000,1000,1,9,long_silence,91742,111742,True,True
baseline,segment,25,-1, Agent-based validation benefits from reputable synthetic inputs.,98440,99440,1000,True,True,1000,1000,1,9,long_silence,91742,111742,True,True
baseline,segment,26,-1, Agent-based validation benefits from reputable synthetic inputs.,99440,100440,1000,True,True,1000,1000,1,9,long_silence,91742,111742,True,True
baseline,segment,27,-1, Agent-based validation benefits from reputable synthetic inputs.,100440,101440,1000,True,True,1000,1000,1,9,long_silence,91742,111742,True,True
baseline,segment,28,-1, Agent-based validation benefits from reputable synthetic inputs.,101440,102440,1000,True,True,1000,1000,1,9,long_silence,91742,111742,True,True
baseline,segment,29,-1, Agent-based validation benefits from reputable synthetic inputs.,102440,103440,1000,True,True,1000,1000,1,9,long_silence,91742,111742,True,True
baseline,segment,30,-1, Agent-based validation benefits from reputable synthetic inputs.,103440,104440,1000,True,True,1000,1000,1,9,long_silence,91742,111742,True,True
baseline,segment,31,-1, Agent-based validation benefits from reputable synthetic inputs.,104440,105440,1000,True,True,1000,1000,1,9,long_silence,91742,111742,True,True
baseline,segment,32,-1, Agent-based validation benefits from reputable synthetic inputs.,105440,106440,1000,True,True,1000,1000,1,9,long_silence,91742,111742,True,True
baseline,segment,33,-1, Agent-based validation benefits from reputable synthetic inputs.,106440,107440,1000,True,True,1000,1000,1,9,long_silence,91742,111742,True,True
baseline,segment,34,-1, Agent-based validation benefits from reputable synthetic inputs.,107440,108440,1000,True,True,1000,1000,1,9,long_silence,91742,111742,True,True
baseline,segment,36,-1, Agent-based validation benefits from reputable synthetic inputs.,110440,111440,1000,True,True,1000,1000,1,9,long_silence,91742,111742,True,True
baseline,segment,62,-1, Agent-based validation benefits from reputable synthetic inputs.,136440,137440,1000,True,True,1000,1000,1,16,short_silence,136153,137577,True,True
baseline,segment,79,-1, Agent-based validation benefits from reputable synthetic inputs.,153440,154440,1000,True,True,1000,1000,1,21,short_silence,153432,154689,True,True
baseline,segment,103,-1, Agent-based validation benefits from reputable synthetic inputs.,177440,178440,1000,True,True,1000,1000,1,27,long_silence,176775,196775,True,True
baseline,segment,104,-1, Agent-based validation benefits from reputable synthetic inputs.,178440,179440,1000,True,True,1000,1000,1,27,long_silence,176775,196775,True,True
baseline,segment,105,-1, Agent-based validation benefits from reputable synthetic inputs.,179440,180440,1000,True,True,1000,1000,1,27,long_silence,176775,196775,True,True
baseline,segment,106,-1, Agent-based validation benefits from reputable synthetic inputs.,180440,181440,1000,True,True,1000,1000,1,27,long_silence,176775,196775,True,True
baseline,segment,107,-1, Agent-based validation benefits from reputable synthetic inputs.,181440,182440,1000,True,True,1000,1000,1,27,long_silence,176775,196775,True,True
baseline,segment,108,-1, Agent-based validation benefits from reputable synthetic inputs.,182440,183440,1000,True,True,1000,1000,1,27,long_silence,176775,196775,True,True
baseline,segment,109,-1, Agent-based validation benefits from reputable synthetic inputs.,183440,184440,1000,True,True,1000,1000,1,27,long_silence,176775,196775,True,True
baseline,segment,110,-1, Agent-based validation benefits from reputable synthetic inputs.,184440,185440,1000,True,True,1000,1000,1,27,long_silence,176775,196775,True,True
baseline,segment,111,-1, Agent-based validation benefits from reputable synthetic inputs.,185440,186440,1000,True,True,1000,1000,1,27,long_silence,176775,196775,True,True
baseline,segment,112,-1, Agent-based validation benefits from reputable synthetic inputs.,186440,187440,1000,True,True,1000,1000,1,27,long_silence,176775,196775,True,True
baseline,segment,113,-1, Agent-based validation benefits from reputable synthetic inputs.,187440,188440,1000,True,True,1000,1000,1,27,long_silence,176775,196775,True,True
baseline,segment,115,-1, Agent-based validation benefits from reputable synthetic inputs.,188440,189440,1000,True,True,1000,1000,1,27,long_silence,176775,196775,True,True
baseline,segment,116,-1, Agent-based validation benefits from reputable synthetic inputs.,189440,190440,1000,True,True,1000,1000,1,27,long_silence,176775,196775,True,True
baseline,segment,117,-1, Agent-based validation benefits from reputable synthetic inputs.,190440,191440,1000,True,True,1000,1000,1,27,long_silence,176775,196775,True,True
baseline,segment,118,-1, Agent-based validation benefits from reputable synthetic inputs.,191440,192440,1000,True,True,1000,1000,1,27,long_silence,176775,196775,True,True
baseline,segment,119,-1, Agent-based validation benefits from reputable synthetic inputs.,192440,193440,1000,True,True,1000,1000,1,27,long_silence,176775,196775,True,True
baseline,segment,121,-1, Agent-based validation benefits.,193440,194440,1000,True,True,1000,1000,1,27,long_silence,176775,196775,True,True
baseline,segment,122,-1, Agent-based validation benefits.,194440,195440,1000,True,True,1000,1000,1,27,long_silence,176775,196775,True,True
baseline,segment,123,-1, Agent-based validation benefits.,195440,196440,1000,True,True,1000,1000,1,27,long_silence,176775,196775,True,True
baseline,segment,127,-1, Agent-based validation benefits.,199440,200440,1000,True,True,1000,1000,1,28,short_silence,199085,200578,True,True
baseline,segment,135,-1, Agent-based validation benefits.,207440,208440,1000,True,True,1000,1000,1,30,long_silence,207060,227060,True,True
baseline,segment,136,-1, Agent-based validation benefits.,208440,209440,1000,True,True,1000,1000,1,30,long_silence,207060,227060,True,True
baseline,segment,137,-1, Agent-based validation benefits.,209440,210440,1000,True,True,1000,1000,1,30,long_silence,207060,227060,True,True
baseline,segment,138,-1, Agent-based validation benefits.,210440,211440,1000,True,True,1000,1000,1,30,long_silence,207060,227060,True,True
baseline,segment,139,-1, Agent-based validation benefits.,211440,212440,1000,True,True,1000,1000,1,30,long_silence,207060,227060,True,True
baseline,segment,140,-1, Agent-based validation benefits.,212440,213440,1000,True,True,1000,1000,1,30,long_silence,207060,227060,True,True
baseline,segment,141,-1, Agent-based validation benefits.,213440,214440,1000,True,True,1000,1000,1,30,long_silence,207060,227060,True,True
baseline,segment,142,-1, Agent-based validation benefits.,214440,215440,1000,True,True,1000,1000,1,30,long_silence,207060,227060,True,True
baseline,segment,143,-1," So, if you can see,",215440,216440,1000,True,True,1000,1000,1,30,long_silence,207060,227060,True,True
baseline,segment,144,-1, Agent-based training benefits.,216440,217440,1000,True,True,1000,1000,1,30,long_silence,207060,227060,True,True
baseline,segment,66,-1, Agent-based validation benefits from reputable synthetic inputs.,140440,141440,1000,False,True,903,903,1,17,short_silence,140537,141832,True,True
baseline,segment,0,-1, Silence regions are useful for validating timestamp behavior.,0,4040,4040,False,False,895,895,1,0,short_silence,3030,3925,True,True
baseline,segment,87,-1, Agent-based validation benefits from reputable synthetic inputs.,161440,162440,1000,True,False,875,875,1,23,short_silence,161242,162315,True,True
baseline,segment,83,-1, Agent-based validation benefits from reputable synthetic inputs.,157440,158440,1000,True,False,864,864,1,22,short_silence,157383,158304,True,True
baseline,segment,54,-1, Agent-based validation benefits from reputable synthetic inputs.,128440,129440,1000,False,True,860,860,1,14,short_silence,128580,129699,True,True
baseline,segment,69,-1, Agent-based validation benefits from reputable synthetic inputs.,143440,144440,1000,False,False,801,801,1,18,short_silence,143596,144397,True,True
baseline,segment,91,-1, Agent-based validation benefits from reputable synthetic inputs.,165440,166440,1000,True,False,790,790,1,24,short_silence,165380,166230,True,True
baseline,segment,149,-1, Whisper should align words near the actual spoken audio.,259440,262440,3000,True,False,785,785,1,34,short_silence,259228,260225,True,True
baseline,segment,50,-1, Agent-based validation benefits from reputable synthetic inputs.,124440,125440,1000,False,True,775,775,1,13,short_silence,124665,125713,True,True
baseline,segment,6,-1, Agent-based validation benefits from reputable synthetic inputs.,62440,66440,4000,True,True,761,489,2,6,short_silence,61989,62712,True,True
baseline,segment,58,-1, Agent-based validation benefits from reputable synthetic inputs.,132440,133440,1000,True,False,729,729,1,15,short_silence,132242,133169,True,True
baseline,segment,154,-1, This is a stable timestamps verification sample.,278440,281440,3000,True,False,718,718,1,39,short_silence,278000,279158,True,True
baseline,segment,47,-1, Agent-based validation benefits from reputable synthetic inputs.,121440,122440,1000,False,True,716,716,1,12,short_silence,121724,122796,True,True
baseline,segment,17,-1, Agent-based validation benefits from reputable synthetic inputs.,91440,92440,1000,False,True,698,698,1,9,long_silence,91742,111742,True,True
baseline,segment,73,-1, Agent-based validation benefits from reputable synthetic inputs.,147440,148440,1000,True,False,694,694,1,19,short_silence,146904,148134,True,True
baseline,segment,102,-1, Agent-based validation benefits from reputable synthetic inputs.,176440,177440,1000,False,True,665,665,1,27,long_silence,176775,196775,True,True
baseline,segment,156,-1, The quick brown fox jumps over the lazy dog.,284440,287440,3000,False,False,646,646,1,41,short_silence,285123,285769,True,True
baseline,segment,40,-1, Agent-based validation benefits from reputable synthetic inputs.,114440,115440,1000,False,False,644,644,1,10,short_silence,114494,115138,True,True
baseline,segment,44,-1, Agent-based validation benefits from reputable synthetic inputs.,118440,119440,1000,True,False,637,637,1,11,short_silence,118017,119077,True,True
baseline,segment,98,-1, Agent-based validation benefits from reputable synthetic inputs.,172440,173440,1000,False,True,600,600,1,26,short_silence,172840,173814,True,True
baseline,segment,76,-1, Agent-based validation benefits from reputable synthetic inputs.,150440,151440,1000,False,False,573,573,1,20,short_silence,150537,151110,True,True
baseline,segment,4,-1, We are generating synthetic speech for timestamp quality checks.,55380,59440,4060,False,False,559,559,1,5,short_silence,58202,58761,True,True
baseline,segment,72,-1, Agent-based validation benefits from reputable synthetic inputs.,146440,147440,1000,False,True,536,536,1,19,short_silence,146904,148134,True,True
baseline,segment,131,-1, Agent-based validation benefits.,203440,204440,1000,True,False,532,532,1,29,short_silence,203086,203972,True,True
baseline,segment,94,-1, Agent-based validation benefits from reputable synthetic inputs.,168440,169440,1000,False,True,516,516,1,25,short_silence,168924,169880,True,True
baseline,segment,5,-1, Agent-based validation benefits from reputable synthetic inputs.,59440,62440,3000,False,True,451,451,1,6,short_silence,61989,62712,True,False
baseline,segment,95,-1, Agent-based validation benefits from reputable synthetic inputs.,169440,170440,1000,True,False,440,440,1,25,short_silence,168924,169880,True,False
baseline,segment,146,-1, Please verify that boundaries snap away from silence.,230440,233440,3000,True,True,434,343,2,31,short_silence,229672,230783,True,False
baseline,segment,43,-1, Agent-based validation benefits from reputable synthetic inputs.,117440,118440,1000,False,True,423,423,1,11,short_silence,118017,119077,True,False
baseline,segment,67,-1, Agent-based validation benefits from reputable synthetic inputs.,141440,142440,1000,True,False,392,392,1,17,short_silence,140537,141832,True,False
baseline,segment,134,-1, Agent-based validation benefits.,206440,207440,1000,False,True,380,380,1,30,long_silence,207060,227060,True,False
baseline,segment,99,-1, Agent-based validation benefits from reputable synthetic inputs.,173440,174440,1000,True,False,374,374,1,26,short_silence,172840,173814,True,False
baseline,segment,48,-1, Agent-based validation benefits from reputable synthetic inputs.,122440,123440,1000,True,False,356,356,1,12,short_silence,121724,122796,True,False
baseline,segment,126,-1, Agent-based validation benefits.,198440,199440,1000,False,True,355,355,1,28,short_silence,199085,200578,True,False
baseline,segment,130,-1, Agent-based validation benefits.,202440,203440,1000,False,True,354,354,1,29,short_silence,203086,203972,True,False
baseline,segment,124,-1, Agent-based validation benefits.,196440,197440,1000,True,False,335,335,1,27,long_silence,176775,196775,True,False
baseline,segment,160,-1, And I'll see you next time.,299440,329420,29980,False,False,309,309,1,45,short_silence,299691,300000,True,False
baseline,segment,37,-1, Agent-based validation benefits from reputable synthetic inputs.,111440,112440,1000,True,False,302,302,1,9,long_silence,91742,111742,True,False
baseline,segment,61,-1, Agent-based validation benefits from reputable synthetic inputs.,135440,136440,1000,False,True,287,287,1,16,short_silence,136153,137577,True,False
baseline,segment,51,-1, Agent-based validation benefits from reputable synthetic inputs.,125440,126440,1000,True,False,273,273,1,13,short_silence,124665,125713,True,False
baseline,segment,55,-1, Agent-based validation benefits from reputable synthetic inputs.,129440,130440,1000,True,False,259,259,1,14,short_silence,128580,129699,True,False
baseline,segment,80,-1, Agent-based validation benefits from reputable synthetic inputs.,154440,155440,1000,True,False,249,249,1,21,short_silence,153432,154689,True,False
baseline,segment,148,-1, A longer pause may appear occasionally in this generated file.,256440,259440,3000,False,True,212,212,1,34,short_silence,259228,260225,True,False
baseline,segment,57,-1, Agent-based validation benefits from reputable synthetic inputs.,131440,132440,1000,False,True,198,198,1,15,short_silence,132242,133169,True,False
baseline,segment,86,-1, Agent-based validation benefits from reputable synthetic inputs.,160440,161440,1000,False,True,198,198,1,23,short_silence,161242,162315,True,False
baseline,segment,128,-1, Agent-based validation benefits.,200440,201440,1000,True,False,138,138,1,28,short_silence,199085,200578,True,False
baseline,segment,63,-1, Agent-based validation benefits from reputable synthetic inputs.,137440,138440,1000,True,False,137,137,1,16,short_silence,136153,137577,True,False
baseline,segment,90,-1, Agent-based validation benefits from reputable synthetic inputs.,164440,165440,1000,False,True,60,60,1,24,short_silence,165380,166230,True,False
baseline,segment,82,-1, Agent-based validation benefits from reputable synthetic inputs.,156440,157440,1000,False,True,57,57,1,22,short_silence,157383,158304,True,False
baseline,segment,78,-1, Agent-based validation benefits from reputable synthetic inputs.,152440,153440,1000,False,True,8,8,1,21,short_silence,153432,154689,True,False
baseline,word,1,6, verification,16580,23130,6550,True,True,6550,6550,1,1,long_silence,6398,26398,True,True
baseline,word,3,10, file,46190,51440,5250,True,True,5250,5250,1,4,long_silence,35323,55323,True,True
baseline,word,3,11,.,51440,55380,3940,True,False,3883,3883,1,4,long_silence,35323,55323,True,True
baseline,word,1,4, timest,11130,14400,3270,True,True,3270,3270,1,1,long_silence,6398,26398,True,True
baseline,word,1,7, sample,23130,26440,3310,True,False,3268,3268,1,1,long_silence,6398,26398,True,True
baseline,word,145,4, boundaries,224190,228440,4250,True,False,2870,2870,1,30,long_silence,207060,227060,True,True
baseline,word,147,4, another,250370,252900,2530,True,True,2530,2530,1,32,long_silence,233349,253349,True,True
baseline,word,145,2, verify,220020,222500,2480,True,True,2480,2480,1,30,long_silence,207060,227060,True,True
baseline,word,1,3, stable,7970,10410,2440,True,True,2440,2440,1,1,long_silence,6398,26398,True,True
baseline,word,145,1, Please,217510,219950,2440,True,True,2440,2440,1,30,long_silence,207060,227060,True,True
baseline,word,1,5,amps,14400,16580,2180,True,True,2180,2180,1,1,long_silence,6398,26398,True,True
baseline,word,8,9, synthetic,77660,78990,1330,True,True,1330,1330,1,8,long_silence,69954,89954,True,True
baseline,word,145,3, that,222500,223800,1300,True,True,1300,1300,1,30,long_silence,207060,227060,True,True
baseline,word,8,5, benefits,74440,75660,1220,True,True,1220,1220,1,8,long_silence,69954,89954,True,True
baseline,word,147,3, add,249270,250370,1100,True,True,1100,1100,1,32,long_silence,233349,253349,True,True
baseline,word,7,9, generated,71410,72500,1090,True,True,1090,1090,1,8,long_silence,69954,89954,True,True
baseline,word,147,1, Now,247510,248530,1020,True,True,1020,1020,1,32,long_silence,233349,253349,True,True
baseline,word,3,9, generated,34350,36110,1760,False,True,787,787,1,4,long_silence,35323,55323,True,True
baseline,word,8,10, inputs,79060,79810,750,True,True,750,750,1,8,long_silence,69954,89954,True,True
baseline,word,7,6, occasionally,69090,70610,1520,False,True,656,656,1,8,long_silence,69954,89954,True,True
baseline,word,1,1, is,6220,7030,810,False,True,632,632,1,1,long_silence,6398,26398,True,True
baseline,word,8,6, from,75660,76280,620,True,True,620,620,1,8,long_silence,69954,89954,True,True
baseline,word,147,2, we,248650,249270,620,True,True,620,620,1,32,long_silence,233349,253349,True,True
baseline,word,151,3, another,267090,267610,520,True,True,520,520,1,36,short_silence,266638,268002,True,True
baseline,word,158,3, validation,292180,292860,680,True,False,512,512,1,43,short_silence,291677,292692,True,True
baseline,word,8,4, validation,73940,74440,500,True,True,500,500,1,8,long_silence,69954,89954,True,False
baseline,word,143,1,",",215940,216440,500,True,True,500,500,1,30,long_silence,207060,227060,True,False
baseline,word,159,1, verify,295940,296440,500,False,True,497,497,1,44,short_silence,295943,297183,True,False
baseline,word,7,8, this,70860,71350,490,True,True,490,490,1,8,long_silence,69954,89954,True,False
baseline,word,11,3, validation,82970,83460,490,True,True,490,490,1,8,long_silence,69954,89954,True,False
baseline,word,145,8, silence,229520,230150,630,False,True,478,478,1,31,short_silence,229672,230783,True,False
baseline,word,150,2, should,262990,263460,470,True,True,470,470,1,35,short_silence,262872,263921,True,False
baseline,word,157,2, should,287990,288460,470,True,True,470,470,1,42,short_silence,287882,288948,True,False
baseline,word,7,2, longer,66560,67320,760,True,False,468,468,1,7,short_silence,65951,67028,True,False
baseline,word,7,11,.,73000,73440,440,True,True,440,440,1,8,long_silence,69954,89954,True,False
baseline,word,3,5, appear,31500,32210,710,False,True,434,434,1,3,short_silence,31776,32362,True,False
baseline,word,153,3, should,274990,275460,470,True,False,421,421,1,38,short_silence,274760,275411,True,False
baseline,word,11,8, synthetic,84520,84940,420,True,True,420,420,1,8,long_silence,69954,89954,True,False
baseline,word,155,3, another,281920,282340,420,True,True,420,420,1,40,short_silence,281631,282720,True,False
baseline,word,143,0, So,215530,215940,410,True,True,410,410,1,30,long_silence,207060,227060,True,False
baseline,word,152,1, longer,270530,270940,410,True,True,410,410,1,37,short_silence,270324,271811,True,False
baseline,word,11,4, benefits,83460,83860,400,True,True,400,400,1,8,long_silence,69954,89954,True,False
baseline,word,147,9, pacing,255820,256220,400,True,True,400,400,1,33,short_silence,255683,256430,True,False
baseline,word,150,3, align,263460,263860,400,True,True,400,400,1,35,short_silence,262872,263921,True,False
baseline,word,157,3, align,288460,288860,400,True,True,400,400,1,42,short_silence,287882,288948,True,False
baseline,word,147,5, line,252950,253810,860,True,False,399,399,1,32,long_silence,233349,253349,True,False
baseline,word,159,3, boundaries,296820,297600,780,True,False,363,363,1,44,short_silence,295943,297183,True,False
baseline,word,149,2, should,259840,260200,360,True,True,360,360,1,34,short_silence,259228,260225,True,False
baseline,word,152,2, pause,270940,271290,350,True,True,350,350,1,37,short_silence,270324,271811,True,False
baseline,word,158,2,based,291830,292180,350,True,True,350,350,1,43,short_silence,291677,292692,True,False
baseline,word,10,3, validation,80790,81120,330,True,True,330,330,1,8,long_silence,69954,89954,True,False
baseline,word,13,3, validation,86790,87120,330,True,True,330,330,1,8,long_silence,69954,89954,True,False
baseline,word,14,3, validation,88790,89120,330,True,True,330,330,1,8,long_silence,69954,89954,True,False
baseline,word,35,3, validation,108790,109120,330,True,True,330,330,1,9,long_silence,91742,111742,True,False
baseline,word,156,2, brown,285090,285450,360,False,True,327,327,1,41,short_silence,285123,285769,True,False
baseline,word,151,4, line,267650,267970,320,True,True,320,320,1,36,short_silence,266638,268002,True,False
baseline,word,7,10, file,72500,72810,310,True,True,310,310,1,8,long_silence,69954,89954,True,False
baseline,word,160,1, And,299500,302430,2930,False,False,309,309,1,45,short_silence,299691,300000,True,False
baseline,word,152,4, appear,271510,271940,430,True,False,301,301,1,37,short_silence,270324,271811,True,False
baseline,word,8,8,utable,77360,77660,300,True,True,300,300,1,8,long_silence,69954,89954,True,False
baseline,word,159,2, that,296440,296740,300,True,True,300,300,1,44,short_silence,295943,297183,True,False
baseline,word,2,7, lazy,29050,29340,290,True,True,290,290,1,2,short_silence,28581,29663,True,False
baseline,word,11,9, inputs,84940,85230,290,True,True,290,290,1,8,long_silence,69954,89954,True,False
baseline,word,145,9,.,230150,230440,290,True,True,290,290,1,31,short_silence,229672,230783,True,False
baseline,word,10,8, synthetic,81820,82090,270,True,True,270,270,1,8,long_silence,69954,89954,True,False
baseline,word,13,8, synthetic,87820,88090,270,True,True,270,270,1,8,long_silence,69954,89954,True,False
baseline,word,35,8, synthetic,109820,110090,270,True,True,270,270,1,9,long_silence,91742,111742,True,False
baseline,word,121,3, validation,193770,194040,270,True,True,270,270,1,27,long_silence,176775,196775,True,False
baseline,word,122,3, validation,194770,195040,270,True,True,270,270,1,27,long_silence,176775,196775,True,False
baseline,word,123,3, validation,195770,196040,270,True,True,270,270,1,27,long_silence,176775,196775,True,False
baseline,word,127,3, validation,199770,200040,270,True,True,270,270,1,28,short_silence,199085,200578,True,False
baseline,word,135,3, validation,207770,208040,270,True,True,270,270,1,30,long_silence,207060,227060,True,False
baseline,word,136,3, validation,208770,209040,270,True,True,270,270,1,30,long_silence,207060,227060,True,False
baseline,word,137,3, validation,209770,210040,270,True,True,270,270,1,30,long_silence,207060,227060,True,False
baseline,word,138,3, validation,210770,211040,270,True,True,270,270,1,30,long_silence,207060,227060,True,False
baseline,word,139,3, validation,211770,212040,270,True,True,270,270,1,30,long_silence,207060,227060,True,False
baseline,word,140,3, validation,212770,213040,270,True,True,270,270,1,30,long_silence,207060,227060,True,False
baseline,word,141,3, validation,213770,214040,270,True,True,270,270,1,30,long_silence,207060,227060,True,False
baseline,word,142,3, validation,214770,215040,270,True,True,270,270,1,30,long_silence,207060,227060,True,False
baseline,word,2,6, the,28710,28970,260,True,True,260,260,1,2,short_silence,28581,29663,True,False
baseline,word,10,4, benefits,81120,81380,260,True,True,260,260,1,8,long_silence,69954,89954,True,False
baseline,word,13,4, benefits,87120,87380,260,True,True,260,260,1,8,long_silence,69954,89954,True,False
baseline,word,14,4, benefits,89120,89380,260,True,True,260,260,1,8,long_silence,69954,89954,True,False
baseline,word,35,4, benefits,109120,109380,260,True,True,260,260,1,9,long_silence,91742,111742,True,False
baseline,word,144,4, benefits,217050,217310,260,True,True,260,260,1,30,long_silence,207060,227060,True,False
baseline,word,154,3, stable,278900,279290,390,True,False,258,258,1,39,short_silence,278000,279158,True,False
baseline,word,146,0, Please,230530,230810,280,True,False,253,253,1,31,short_silence,229672,230783,True,False
baseline,word,7,7, in,70610,70860,250,True,True,250,250,1,8,long_silence,69954,89954,True,False
baseline,word,121,4, benefits,194080,194330,250,True,True,250,250,1,27,long_silence,176775,196775,True,False
baseline,word,122,4, benefits,195080,195330,250,True,True,250,250,1,27,long_silence,176775,196775,True,False
baseline,word,123,4, benefits,196080,196330,250,True,True,250,250,1,27,long_silence,176775,196775,True,False
baseline,word,127,4, benefits,200080,200330,250,True,True,250,250,1,28,short_silence,199085,200578,True,False
baseline,word,134,4, benefits,207080,207330,250,True,True,250,250,1,30,long_silence,207060,227060,True,False
baseline,word,135,4, benefits,208080,208330,250,True,True,250,250,1,30,long_silence,207060,227060,True,False
baseline,word,136,4, benefits,209080,209330,250,True,True,250,250,1,30,long_silence,207060,227060,True,False
baseline,word,137,4, benefits,210080,210330,250,True,True,250,250,1,30,long_silence,207060,227060,True,False
baseline,word,138,4, benefits,211080,211330,250,True,True,250,250,1,30,long_silence,207060,227060,True,False
baseline,word,139,4, benefits,212080,212330,250,True,True,250,250,1,30,long_silence,207060,227060,True,False
baseline,word,140,4, benefits,213080,213330,250,True,True,250,250,1,30,long_silence,207060,227060,True,False
baseline,word,141,4, benefits,214080,214330,250,True,True,250,250,1,30,long_silence,207060,227060,True,False
baseline,word,142,4, benefits,215080,215330,250,True,True,250,250,1,30,long_silence,207060,227060,True,False
baseline,word,144,3, training,216790,217040,250,True,True,250,250,1,30,long_silence,207060,227060,True,False
baseline,word,126,4, benefits,199080,199330,250,False,True,245,245,1,28,short_silence,199085,200578,True,False
baseline,word,130,4, benefits,203080,203330,250,False,True,244,244,1,29,short_silence,203086,203972,True,False
baseline,word,11,2,based,82730,82970,240,True,True,240,240,1,8,long_silence,69954,89954,True,False
baseline,word,6,9, inputs,65790,66190,400,False,True,239,239,1,7,short_silence,65951,67028,True,False
baseline,word,8,3,based,73710,73940,230,True,True,230,230,1,8,long_silence,69954,89954,True,False
baseline,word,153,2,per,274760,274990,230,True,True,230,230,1,38,short_silence,274760,275411,True,False
baseline,word,156,3, fox,285450,285680,230,True,True,230,230,1,41,short_silence,285123,285769,True,False
baseline,word,5,10, inputs,61810,62210,400,False,True,221,221,1,6,short_silence,61989,62712,True,False
baseline,word,5,11,.,62210,62430,220,True,True,220,220,1,6,short_silence,61989,62712,True,False
baseline,word,151,2, add,266830,267050,220,True,True,220,220,1,36,short_silence,266638,268002,True,False
baseline,word,147,10,.,256220,256440,220,True,False,210,210,1,33,short_silence,255683,256430,True,False
baseline,word,152,3, may,271300,271510,210,True,True,210,210,1,37,short_silence,270324,271811,True,False
baseline,word,131,3, validation,203770,204040,270,True,False,202,202,1,29,short_silence,203086,203972,True,False
baseline,word,148,10,.,259220,259430,210,False,True,202,202,1,34,short_silence,259228,260225,True,False
baseline,word,10,9, inputs,82090,82290,200,True,True,200,200,1,8,long_silence,69954,89954,True,False
baseline,word,11,5, from,83860,84060,200,True,True,200,200,1,8,long_silence,69954,89954,True,False
baseline,word,11,7,utable,84220,84420,200,True,True,200,200,1,8,long_silence,69954,89954,True,False
baseline,word,13,9, inputs,88090,88290,200,True,True,200,200,1,8,long_silence,69954,89954,True,False
baseline,word,35,9, inputs,110090,110290,200,True,True,200,200,1,9,long_silence,91742,111742,True,False
baseline,word,155,4, line,282340,282540,200,True,True,200,200,1,40,short_silence,281631,282720,True,False
baseline,word,11,10,.,85240,85430,190,True,True,190,190,1,8,long_silence,69954,89954,True,False
baseline,word,6,0, Agent,62530,62770,240,True,False,182,182,1,6,short_silence,61989,62712,True,False
baseline,word,154,0, This,278530,278710,180,True,True,180,180,1,39,short_silence,278000,279158,True,False
baseline,word,155,2, add,281740,281920,180,True,True,180,180,1,40,short_silence,281631,282720,True,False
baseline,word,8,7, rep,76280,76450,170,True,True,170,170,1,8,long_silence,69954,89954,True,False
baseline,word,10,2,based,80630,80790,160,True,True,160,160,1,8,long_silence,69954,89954,True,False
baseline,word,11,0, Agent,82530,82690,160,True,True,160,160,1,8,long_silence,69954,89954,True,False
baseline,word,12,3, validation,85610,85770,160,True,True,160,160,1,8,long_silence,69954,89954,True,False
baseline,word,13,2,based,86630,86790,160,True,True,160,160,1,8,long_silence,69954,89954,True,False
baseline,word,14,2,based,88630,88790,160,True,True,160,160,1,8,long_silence,69954,89954,True,False
baseline,word,18,3, validation,92610,92770,160,True,True,160,160,1,9,long_silence,91742,111742,True,False
baseline,word,19,4, validation,93610,93770,160,True,True,160,160,1,9,long_silence,91742,111742,True,False
baseline,word,21,3, validation,94610,94770,160,True,True,160,160,1,9,long_silence,91742,111742,True,False
baseline,word,22,3, validation,95610,95770,160,True,True,160,160,1,9,long_silence,91742,111742,True,False
baseline,word,23,4, validation,96610,96770,160,True,True,160,160,1,9,long_silence,91742,111742,True,False
baseline,word,24,3, validation,97610,97770,160,True,True,160,160,1,9,long_silence,91742,111742,True,False
baseline,word,25,3, validation,98610,98770,160,True,True,160,160,1,9,long_silence,91742,111742,True,False
baseline,word,26,3, validation,99610,99770,160,True,True,160,160,1,9,long_silence,91742,111742,True,False
baseline,word,27,4, validation,100610,100770,160,True,True,160,160,1,9,long_silence,91742,111742,True,False
baseline,word,28,3, validation,101610,101770,160,True,True,160,160,1,9,long_silence,91742,111742,True,False
baseline,word,29,3, validation,102610,102770,160,True,True,160,160,1,9,long_silence,91742,111742,True,False
baseline,word,30,3, validation,103610,103770,160,True,True,160,160,1,9,long_silence,91742,111742,True,False
baseline,word,31,3, validation,104610,104770,160,True,True,160,160,1,9,long_silence,91742,111742,True,False
baseline,word,32,4, validation,105610,105770,160,True,True,160,160,1,9,long_silence,91742,111742,True,False
baseline,word,33,3, validation,106610,106770,160,True,True,160,160,1,9,long_silence,91742,111742,True,False
baseline,word,34,3, validation,107610,107770,160,True,True,160,160,1,9,long_silence,91742,111742,True,False
baseline,word,35,2,based,108630,108790,160,True,True,160,160,1,9,long_silence,91742,111742,True,False
baseline,word,36,4, validation,110610,110770,160,True,True,160,160,1,9,long_silence,91742,111742,True,False
baseline,word,40,3, validation,114610,114770,160,True,True,160,160,1,10,short_silence,114494,115138,True,False
baseline,word,44,3, validation,118610,118770,160,True,True,160,160,1,11,short_silence,118017,119077,True,False
baseline,word,48,3, validation,122610,122770,160,True,True,160,160,1,12,short_silence,121724,122796,True,False
baseline,word,54,3, validation,128610,128770,160,True,True,160,160,1,14,short_silence,128580,129699,True,False
baseline,word,58,3, validation,132610,132770,160,True,True,160,160,1,15,short_silence,132242,133169,True,False
baseline,word,62,4, validation,136610,136770,160,True,True,160,160,1,16,short_silence,136153,137577,True,False
baseline,word,66,3, validation,140610,140770,160,True,True,160,160,1,17,short_silence,140537,141832,True,False
baseline,word,67,3, validation,141610,141770,160,True,True,160,160,1,17,short_silence,140537,141832,True,False
baseline,word,69,3, validation,143610,143770,160,True,True,160,160,1,18,short_silence,143596,144397,True,False
baseline,word,73,3, validation,147610,147770,160,True,True,160,160,1,19,short_silence,146904,148134,True,False
baseline,word,76,3, validation,150610,150770,160,True,True,160,160,1,20,short_silence,150537,151110,True,False
baseline,word,79,3, validation,153610,153770,160,True,True,160,160,1,21,short_silence,153432,154689,True,False
baseline,word,83,3, validation,157610,157770,160,True,True,160,160,1,22,short_silence,157383,158304,True,False
baseline,word,87,3, validation,161610,161770,160,True,True,160,160,1,23,short_silence,161242,162315,True,False
baseline,word,91,3, validation,165610,165770,160,True,True,160,160,1,24,short_silence,165380,166230,True,False
baseline,word,95,3, validation,169610,169770,160,True,True,160,160,1,25,short_silence,168924,169880,True,False
baseline,word,99,3, validation,173610,173770,160,True,True,160,160,1,26,short_silence,172840,173814,True,False
baseline,word,103,4, validation,177610,177770,160,True,True,160,160,1,27,long_silence,176775,196775,True,False
baseline,word,104,3, validation,178610,178770,160,True,True,160,160,1,27,long_silence,176775,196775,True,False
baseline,word,105,3, validation,179610,179770,160,True,True,160,160,1,27,long_silence,176775,196775,True,False
baseline,word,106,3, validation,180610,180770,160,True,True,160,160,1,27,long_silence,176775,196775,True,False
baseline,word,107,3, validation,181610,181770,160,True,True,160,160,1,27,long_silence,176775,196775,True,False
baseline,word,108,3, validation,182610,182770,160,True,True,160,160,1,27,long_silence,176775,196775,True,False
baseline,word,109,3, validation,183610,183770,160,True,True,160,160,1,27,long_silence,176775,196775,True,False
baseline,word,110,3, validation,184610,184770,160,True,True,160,160,1,27,long_silence,176775,196775,True,False
baseline,word,111,3, validation,185610,185770,160,True,True,160,160,1,27,long_silence,176775,196775,True,False
baseline,word,112,3, validation,186610,186770,160,True,True,160,160,1,27,long_silence,176775,196775,True,False
baseline,word,113,3, validation,187610,187770,160,True,True,160,160,1,27,long_silence,176775,196775,True,False
baseline,word,115,3, validation,188610,188770,160,True,True,160,160,1,27,long_silence,176775,196775,True,False
baseline,word,116,3, validation,189610,189770,160,True,True,160,160,1,27,long_silence,176775,196775,True,False
baseline,word,117,3, validation,190610,190770,160,True,True,160,160,1,27,long_silence,176775,196775,True,False
baseline,word,118,3, validation,191610,191770,160,True,True,160,160,1,27,long_silence,176775,196775,True,False
baseline,word,119,4, validation,192610,192770,160,True,True,160,160,1,27,long_silence,176775,196775,True,False
baseline,word,144,2,based,216630,216790,160,True,True,160,160,1,30,long_silence,207060,227060,True,False
baseline,word,153,10, audio,277760,278160,400,False,True,160,160,1,39,short_silence,278000,279158,True,False
baseline,word,3,6, occasionally,32210,32720,510,True,False,152,152,1,3,short_silence,31776,32362,True,False
baseline,word,121,2,based,193620,193770,150,True,True,150,150,1,27,long_silence,176775,196775,True,False
baseline,word,122,2,based,194620,194770,150,True,True,150,150,1,27,long_silence,176775,196775,True,False
baseline,word,123,2,based,195620,195770,150,True,True,150,150,1,27,long_silence,176775,196775,True,False
baseline,word,124,2,based,196620,196770,150,True,True,150,150,1,27,long_silence,176775,196775,True,False
baseline,word,127,2,based,199620,199770,150,True,True,150,150,1,28,short_silence,199085,200578,True,False
baseline,word,131,2,based,203620,203770,150,True,True,150,150,1,29,short_silence,203086,203972,True,False
baseline,word,135,2,based,207620,207770,150,True,True,150,150,1,30,long_silence,207060,227060,True,False
baseline,word,136,2,based,208620,208770,150,True,True,150,150,1,30,long_silence,207060,227060,True,False
baseline,word,137,2,based,209620,209770,150,True,True,150,150,1,30,long_silence,207060,227060,True,False
baseline,word,138,2,based,210620,210770,150,True,True,150,150,1,30,long_silence,207060,227060,True,False
baseline,word,139,2,based,211620,211770,150,True,True,150,150,1,30,long_silence,207060,227060,True,False
baseline,word,140,2,based,212620,212770,150,True,True,150,150,1,30,long_silence,207060,227060,True,False
baseline,word,141,2,based,213620,213770,150,True,True,150,150,1,30,long_silence,207060,227060,True,False
baseline,word,142,2,based,214620,214770,150,True,True,150,150,1,30,long_silence,207060,227060,True,False
baseline,word,149,0, Whis,259530,259680,150,True,True,150,150,1,34,short_silence,259228,260225,True,False
baseline,word,2,8, dart,29340,29480,140,True,True,140,140,1,2,short_silence,28581,29663,True,False
baseline,word,8,1, Agent,73530,73670,140,True,True,140,140,1,8,long_silence,69954,89954,True,False
baseline,word,155,5, with,282580,282740,160,True,False,140,140,1,40,short_silence,281631,282720,True,False
baseline,word,147,8, different,255230,255820,590,False,True,137,137,1,33,short_silence,255683,256430,True,False
baseline,word,14,8, synthetic,89820,90090,270,True,False,134,134,1,8,long_silence,69954,89954,True,False
baseline,word,37,3, validation,111610,111770,160,True,False,132,132,1,9,long_silence,91742,111742,True,False
baseline,word,10,5, from,81380,81510,130,True,True,130,130,1,8,long_silence,69954,89954,True,False
baseline,word,10,7,utable,81610,81740,130,True,True,130,130,1,8,long_silence,69954,89954,True,False
baseline,word,10,10,.,82290,82420,130,True,True,130,130,1,8,long_silence,69954,89954,True,False
baseline,word,12,8, synthetic,86100,86230,130,True,True,130,130,1,8,long_silence,69954,89954,True,False
baseline,word,13,5, from,87380,87510,130,True,True,130,130,1,8,long_silence,69954,89954,True,False
baseline,word,13,7,utable,87610,87740,130,True,True,130,130,1,8,long_silence,69954,89954,True,False
baseline,word,13,10,.,88290,88420,130,True,True,130,130,1,8,long_silence,69954,89954,True,False
baseline,word,14,5, from,89380,89510,130,True,True,130,130,1,8,long_silence,69954,89954,True,False
baseline,word,14,7,utable,89610,89740,130,True,True,130,130,1,8,long_silence,69954,89954,True,False
baseline,word,17,8, synthetic,92100,92230,130,True,True,130,130,1,9,long_silence,91742,111742,True,False
baseline,word,18,8, synthetic,93100,93230,130,True,True,130,130,1,9,long_silence,91742,111742,True,False
baseline,word,19,9, synthetic,94100,94230,130,True,True,130,130,1,9,long_silence,91742,111742,True,False
baseline,word,21,8, synthetic,95100,95230,130,True,True,130,130,1,9,long_silence,91742,111742,True,False
baseline,word,22,8, synthetic,96100,96230,130,True,True,130,130,1,9,long_silence,91742,111742,True,False
baseline,word,23,9, synthetic,97100,97230,130,True,True,130,130,1,9,long_silence,91742,111742,True,False
baseline,word,24,8, synthetic,98100,98230,130,True,True,130,130,1,9,long_silence,91742,111742,True,False
baseline,word,25,8, synthetic,99100,99230,130,True,True,130,130,1,9,long_silence,91742,111742,True,False
baseline,word,26,8, synthetic,100100,100230,130,True,True,130,130,1,9,long_silence,91742,111742,True,False
baseline,word,27,9, synthetic,101100,101230,130,True,True,130,130,1,9,long_silence,91742,111742,True,False
baseline,word,28,8, synthetic,102100,102230,130,True,True,130,130,1,9,long_silence,91742,111742,True,False
baseline,word,29,8, synthetic,103100,103230,130,True,True,130,130,1,9,long_silence,91742,111742,True,False
baseline,word,30,8, synthetic,104100,104230,130,True,True,130,130,1,9,long_silence,91742,111742,True,False
baseline,word,31,8, synthetic,105100,105230,130,True,True,130,130,1,9,long_silence,91742,111742,True,False
baseline,word,32,9, synthetic,106100,106230,130,True,True,130,130,1,9,long_silence,91742,111742,True,False
baseline,word,33,8, synthetic,107100,107230,130,True,True,130,130,1,9,long_silence,91742,111742,True,False
baseline,word,34,8, synthetic,108100,108230,130,True,True,130,130,1,9,long_silence,91742,111742,True,False
baseline,word,35,5, from,109380,109510,130,True,True,130,130,1,9,long_silence,91742,111742,True,False
baseline,word,35,7,utable,109610,109740,130,True,True,130,130,1,9,long_silence,91742,111742,True,False
baseline,word,35,10,.,110290,110420,130,True,True,130,130,1,9,long_silence,91742,111742,True,False
baseline,word,36,9, synthetic,111100,111230,130,True,True,130,130,1,9,long_silence,91742,111742,True,False
baseline,word,43,8, synthetic,118100,118230,130,True,True,130,130,1,11,short_silence,118017,119077,True,False
baseline,word,47,8, synthetic,122100,122230,130,True,True,130,130,1,12,short_silence,121724,122796,True,False
baseline,word,50,8, synthetic,125100,125230,130,True,True,130,130,1,13,short_silence,124665,125713,True,False
baseline,word,54,8, synthetic,129100,129230,130,True,True,130,130,1,14,short_silence,128580,129699,True,False
baseline,word,62,9, synthetic,137100,137230,130,True,True,130,130,1,16,short_silence,136153,137577,True,False
baseline,word,66,8, synthetic,141100,141230,130,True,True,130,130,1,17,short_silence,140537,141832,True,False
baseline,word,69,8, synthetic,144100,144230,130,True,True,130,130,1,18,short_silence,143596,144397,True,False
baseline,word,72,8, synthetic,147100,147230,130,True,True,130,130,1,19,short_silence,146904,148134,True,False
baseline,word,79,8, synthetic,154100,154230,130,True,True,130,130,1,21,short_silence,153432,154689,True,False
baseline,word,83,8, synthetic,158100,158230,130,True,True,130,130,1,22,short_silence,157383,158304,True,False
baseline,word,87,8, synthetic,162100,162230,130,True,True,130,130,1,23,short_silence,161242,162315,True,False
baseline,word,91,8, synthetic,166100,166230,130,True,True,130,130,1,24,short_silence,165380,166230,True,False
baseline,word,94,9, synthetic,169100,169230,130,True,True,130,130,1,25,short_silence,168924,169880,True,False
baseline,word,98,9, synthetic,173100,173230,130,True,True,130,130,1,26,short_silence,172840,173814,True,False
baseline,word,102,8, synthetic,177100,177230,130,True,True,130,130,1,27,long_silence,176775,196775,True,False
baseline,word,103,9, synthetic,178100,178230,130,True,True,130,130,1,27,long_silence,176775,196775,True,False
baseline,word,104,8, synthetic,179100,179230,130,True,True,130,130,1,27,long_silence,176775,196775,True,False
baseline,word,105,8, synthetic,180100,180230,130,True,True,130,130,1,27,long_silence,176775,196775,True,False
baseline,word,106,8, synthetic,181100,181230,130,True,True,130,130,1,27,long_silence,176775,196775,True,False
baseline,word,107,8, synthetic,182100,182230,130,True,True,130,130,1,27,long_silence,176775,196775,True,False
baseline,word,108,8, synthetic,183100,183230,130,True,True,130,130,1,27,long_silence,176775,196775,True,False
baseline,word,109,8, synthetic,184100,184230,130,True,True,130,130,1,27,long_silence,176775,196775,True,False
baseline,word,110,8, synthetic,185100,185230,130,True,True,130,130,1,27,long_silence,176775,196775,True,False
baseline,word,111,8, synthetic,186100,186230,130,True,True,130,130,1,27,long_silence,176775,196775,True,False
baseline,word,112,8, synthetic,187100,187230,130,True,True,130,130,1,27,long_silence,176775,196775,True,False
baseline,word,113,8, synthetic,188100,188230,130,True,True,130,130,1,27,long_silence,176775,196775,True,False
baseline,word,115,8, synthetic,189100,189230,130,True,True,130,130,1,27,long_silence,176775,196775,True,False
baseline,word,116,8, synthetic,190100,190230,130,True,True,130,130,1,27,long_silence,176775,196775,True,False
baseline,word,117,8, synthetic,191100,191230,130,True,True,130,130,1,27,long_silence,176775,196775,True,False
baseline,word,118,8, synthetic,192100,192230,130,True,True,130,130,1,27,long_silence,176775,196775,True,False
baseline,word,119,9, synthetic,193100,193230,130,True,True,130,130,1,27,long_silence,176775,196775,True,False
baseline,word,144,5,.,217310,217440,130,True,True,130,130,1,30,long_silence,207060,227060,True,False
baseline,word,149,1,per,259680,259810,130,True,True,130,130,1,34,short_silence,259228,260225,True,False
baseline,word,151,1, we,266680,266810,130,True,True,130,130,1,36,short_silence,266638,268002,True,False
baseline,word,2,5, over,28350,28710,360,False,True,129,129,1,2,short_silence,28581,29663,True,False
baseline,word,11,6, rep,84060,84180,120,True,True,120,120,1,8,long_silence,69954,89954,True,False
baseline,word,150,1,per,262760,262990,230,False,True,118,118,1,35,short_silence,262872,263921,True,False
baseline,word,4,8, quality,58290,58400,110,True,True,110,110,1,5,short_silence,58202,58761,True,False
baseline,word,121,5,.,194330,194440,110,True,True,110,110,1,27,long_silence,176775,196775,True,False
baseline,word,122,5,.,195330,195440,110,True,True,110,110,1,27,long_silence,176775,196775,True,False
baseline,word,123,5,.,196330,196440,110,True,True,110,110,1,27,long_silence,176775,196775,True,False
baseline,word,126,5,.,199330,199440,110,True,True,110,110,1,28,short_silence,199085,200578,True,False
baseline,word,127,5,.,200330,200440,110,True,True,110,110,1,28,short_silence,199085,200578,True,False
baseline,word,130,5,.,203330,203440,110,True,True,110,110,1,29,short_silence,203086,203972,True,False
baseline,word,134,5,.,207330,207440,110,True,True,110,110,1,30,long_silence,207060,227060,True,False
baseline,word,135,5,.,208330,208440,110,True,True,110,110,1,30,long_silence,207060,227060,True,False
baseline,word,136,5,.,209330,209440,110,True,True,110,110,1,30,long_silence,207060,227060,True,False
baseline,word,137,5,.,210330,210440,110,True,True,110,110,1,30,long_silence,207060,227060,True,False
baseline,word,138,5,.,211330,211440,110,True,True,110,110,1,30,long_silence,207060,227060,True,False
baseline,word,139,5,.,212330,212440,110,True,True,110,110,1,30,long_silence,207060,227060,True,False
baseline,word,140,5,.,213330,213440,110,True,True,110,110,1,30,long_silence,207060,227060,True,False
baseline,word,141,5,.,214330,214440,110,True,True,110,110,1,30,long_silence,207060,227060,True,False
baseline,word,142,5,.,215330,215440,110,True,True,110,110,1,30,long_silence,207060,227060,True,False
baseline,word,155,1, we,281620,281740,120,False,True,109,109,1,40,short_silence,281631,282720,True,False
baseline,word,157,1,per,287760,287990,230,False,True,108,108,1,42,short_silence,287882,288948,True,False
baseline,word,50,3, validation,124610,124770,160,False,True,105,105,1,13,short_silence,124665,125713,True,False
baseline,word,51,3, validation,125610,125770,160,True,False,103,103,1,13,short_silence,124665,125713,True,False
baseline,word,158,0, Agent,291530,291780,250,False,True,103,103,1,43,short_silence,291677,292692,True,False
baseline,word,12,9, inputs,86240,86340,100,True,True,100,100,1,8,long_silence,69954,89954,True,False
baseline,word,12,10,.,86340,86440,100,True,True,100,100,1,8,long_silence,69954,89954,True,False
baseline,word,17,9, inputs,92240,92340,100,True,True,100,100,1,9,long_silence,91742,111742,True,False
baseline,word,17,10,.,92340,92440,100,True,True,100,100,1,9,long_silence,91742,111742,True,False
baseline,word,18,9, inputs,93240,93340,100,True,True,100,100,1,9,long_silence,91742,111742,True,False
baseline,word,18,10,.,93340,93440,100,True,True,100,100,1,9,long_silence,91742,111742,True,False
baseline,word,19,10, inputs,94240,94340,100,True,True,100,100,1,9,long_silence,91742,111742,True,False
baseline,word,19,11,.,94340,94440,100,True,True,100,100,1,9,long_silence,91742,111742,True,False
baseline,word,21,9, inputs,95240,95340,100,True,True,100,100,1,9,long_silence,91742,111742,True,False
baseline,word,21,10,.,95340,95440,100,True,True,100,100,1,9,long_silence,91742,111742,True,False
baseline,word,22,9, inputs,96240,96340,100,True,True,100,100,1,9,long_silence,91742,111742,True,False
baseline,word,22,10,.,96340,96440,100,True,True,100,100,1,9,long_silence,91742,111742,True,False
baseline,word,23,10, inputs,97240,97340,100,True,True,100,100,1,9,long_silence,91742,111742,True,False
baseline,word,23,11,.,97340,97440,100,True,True,100,100,1,9,long_silence,91742,111742,True,False
baseline,word,24,9, inputs,98240,98340,100,True,True,100,100,1,9,long_silence,91742,111742,True,False
baseline,word,24,10,.,98340,98440,100,True,True,100,100,1,9,long_silence,91742,111742,True,False
baseline,word,25,9, inputs,99240,99340,100,True,True,100,100,1,9,long_silence,91742,111742,True,False
baseline,word,25,10,.,99340,99440,100,True,True,100,100,1,9,long_silence,91742,111742,True,False
baseline,word,26,9, inputs,100240,100340,100,True,True,100,100,1,9,long_silence,91742,111742,True,False
baseline,word,26,10,.,100340,100440,100,True,True,100,100,1,9,long_silence,91742,111742,True,False
baseline,word,27,10, inputs,101240,101340,100,True,True,100,100,1,9,long_silence,91742,111742,True,False
baseline,word,27,11,.,101340,101440,100,True,True,100,100,1,9,long_silence,91742,111742,True,False
baseline,word,28,9, inputs,102240,102340,100,True,True,100,100,1,9,long_silence,91742,111742,True,False
baseline,word,28,10,.,102340,102440,100,True,True,100,100,1,9,long_silence,91742,111742,True,False
baseline,word,29,9, inputs,103240,103340,100,True,True,100,100,1,9,long_silence,91742,111742,True,False
baseline,word,29,10,.,103340,103440,100,True,True,100,100,1,9,long_silence,91742,111742,True,False
baseline,word,30,9, inputs,104240,104340,100,True,True,100,100,1,9,long_silence,91742,111742,True,False
baseline,word,30,10,.,104340,104440,100,True,True,100,100,1,9,long_silence,91742,111742,True,False
baseline,word,31,9, inputs,105240,105340,100,True,True,100,100,1,9,long_silence,91742,111742,True,False
baseline,word,31,10,.,105340,105440,100,True,True,100,100,1,9,long_silence,91742,111742,True,False
baseline,word,32,10, inputs,106240,106340,100,True,True,100,100,1,9,long_silence,91742,111742,True,False
baseline,word,32,11,.,106340,106440,100,True,True,100,100,1,9,long_silence,91742,111742,True,False
baseline,word,33,9, inputs,107240,107340,100,True,True,100,100,1,9,long_silence,91742,111742,True,False
baseline,word,33,10,.,107340,107440,100,True,True,100,100,1,9,long_silence,91742,111742,True,False
baseline,word,34,9, inputs,108240,108340,100,True,True,100,100,1,9,long_silence,91742,111742,True,False
baseline,word,34,10,.,108340,108440,100,True,True,100,100,1,9,long_silence,91742,111742,True,False
baseline,word,36,10, inputs,111240,111340,100,True,True,100,100,1,9,long_silence,91742,111742,True,False
baseline,word,36,11,.,111340,111440,100,True,True,100,100,1,9,long_silence,91742,111742,True,False
baseline,word,43,9, inputs,118240,118340,100,True,True,100,100,1,11,short_silence,118017,119077,True,False
baseline,word,43,10,.,118340,118440,100,True,True,100,100,1,11,short_silence,118017,119077,True,False
baseline,word,47,9, inputs,122240,122340,100,True,True,100,100,1,12,short_silence,121724,122796,True,False
baseline,word,47,10,.,122340,122440,100,True,True,100,100,1,12,short_silence,121724,122796,True,False
baseline,word,50,9, inputs,125240,125340,100,True,True,100,100,1,13,short_silence,124665,125713,True,False
baseline,word,50,10,.,125340,125440,100,True,True,100,100,1,13,short_silence,124665,125713,True,False
baseline,word,54,9, inputs,129240,129340,100,True,True,100,100,1,14,short_silence,128580,129699,True,False
baseline,word,54,10,.,129340,129440,100,True,True,100,100,1,14,short_silence,128580,129699,True,False
baseline,word,57,10,.,132340,132440,100,True,True,100,100,1,15,short_silence,132242,133169,True,False
baseline,word,61,9, inputs,136240,136340,100,True,True,100,100,1,16,short_silence,136153,137577,True,False
baseline,word,61,10,.,136340,136440,100,True,True,100,100,1,16,short_silence,136153,137577,True,False
baseline,word,62,10, inputs,137240,137340,100,True,True,100,100,1,16,short_silence,136153,137577,True,False
baseline,word,62,11,.,137340,137440,100,True,True,100,100,1,16,short_silence,136153,137577,True,False
baseline,word,66,9, inputs,141240,141340,100,True,True,100,100,1,17,short_silence,140537,141832,True,False
baseline,word,66,10,.,141340,141440,100,True,True,100,100,1,17,short_silence,140537,141832,True,False
baseline,word,69,9, inputs,144240,144340,100,True,True,100,100,1,18,short_silence,143596,144397,True,False
baseline,word,72,9, inputs,147240,147340,100,True,True,100,100,1,19,short_silence,146904,148134,True,False
baseline,word,72,10,.,147340,147440,100,True,True,100,100,1,19,short_silence,146904,148134,True,False
baseline,word,79,9, inputs,154240,154340,100,True,True,100,100,1,21,short_silence,153432,154689,True,False
baseline,word,79,10,.,154340,154440,100,True,True,100,100,1,21,short_silence,153432,154689,True,False
baseline,word,86,10,.,161340,161440,100,True,True,100,100,1,23,short_silence,161242,162315,True,False
baseline,word,94,10, inputs,169240,169340,100,True,True,100,100,1,25,short_silence,168924,169880,True,False
baseline,word,94,11,.,169340,169440,100,True,True,100,100,1,25,short_silence,168924,169880,True,False
baseline,word,98,10, inputs,173240,173340,100,True,True,100,100,1,26,short_silence,172840,173814,True,False
baseline,word,98,11,.,173340,173440,100,True,True,100,100,1,26,short_silence,172840,173814,True,False
baseline,word,102,9, inputs,177240,177340,100,True,True,100,100,1,27,long_silence,176775,196775,True,False
baseline,word,102,10,.,177340,177440,100,True,True,100,100,1,27,long_silence,176775,196775,True,False
baseline,word,103,10, inputs,178240,178340,100,True,True,100,100,1,27,long_silence,176775,196775,True,False
baseline,word,103,11,.,178340,178440,100,True,True,100,100,1,27,long_silence,176775,196775,True,False
baseline,word,104,9, inputs,179240,179340,100,True,True,100,100,1,27,long_silence,176775,196775,True,False
baseline,word,104,10,.,179340,179440,100,True,True,100,100,1,27,long_silence,176775,196775,True,False
baseline,word,105,9, inputs,180240,180340,100,True,True,100,100,1,27,long_silence,176775,196775,True,False
baseline,word,105,10,.,180340,180440,100,True,True,100,100,1,27,long_silence,176775,196775,True,False
baseline,word,106,9, inputs,181240,181340,100,True,True,100,100,1,27,long_silence,176775,196775,True,False
baseline,word,106,10,.,181340,181440,100,True,True,100,100,1,27,long_silence,176775,196775,True,False
baseline,word,107,9, inputs,182240,182340,100,True,True,100,100,1,27,long_silence,176775,196775,True,False
baseline,word,107,10,.,182340,182440,100,True,True,100,100,1,27,long_silence,176775,196775,True,False
baseline,word,108,9, inputs,183240,183340,100,True,True,100,100,1,27,long_silence,176775,196775,True,False
baseline,word,108,10,.,183340,183440,100,True,True,100,100,1,27,long_silence,176775,196775,True,False
baseline,word,109,9, inputs,184240,184340,100,True,True,100,100,1,27,long_silence,176775,196775,True,False
baseline,word,109,10,.,184340,184440,100,True,True,100,100,1,27,long_silence,176775,196775,True,False
baseline,word,110,9, inputs,185240,185340,100,True,True,100,100,1,27,long_silence,176775,196775,True,False
baseline,word,110,10,.,185340,185440,100,True,True,100,100,1,27,long_silence,176775,196775,True,False
baseline,word,111,9, inputs,186240,186340,100,True,True,100,100,1,27,long_silence,176775,196775,True,False
baseline,word,111,10,.,186340,186440,100,True,True,100,100,1,27,long_silence,176775,196775,True,False
baseline,word,112,9, inputs,187240,187340,100,True,True,100,100,1,27,long_silence,176775,196775,True,False
baseline,word,112,10,.,187340,187440,100,True,True,100,100,1,27,long_silence,176775,196775,True,False
baseline,word,113,9, inputs,188240,188340,100,True,True,100,100,1,27,long_silence,176775,196775,True,False
baseline,word,113,10,.,188340,188440,100,True,True,100,100,1,27,long_silence,176775,196775,True,False
baseline,word,115,9, inputs,189240,189340,100,True,True,100,100,1,27,long_silence,176775,196775,True,False
baseline,word,115,10,.,189340,189440,100,True,True,100,100,1,27,long_silence,176775,196775,True,False
baseline,word,116,9, inputs,190240,190340,100,True,True,100,100,1,27,long_silence,176775,196775,True,False
baseline,word,116,10,.,190340,190440,100,True,True,100,100,1,27,long_silence,176775,196775,True,False
baseline,word,117,9, inputs,191240,191340,100,True,True,100,100,1,27,long_silence,176775,196775,True,False
baseline,word,117,10,.,191340,191440,100,True,True,100,100,1,27,long_silence,176775,196775,True,False
baseline,word,118,9, inputs,192240,192340,100,True,True,100,100,1,27,long_silence,176775,196775,True,False
baseline,word,118,10,.,192340,192440,100,True,True,100,100,1,27,long_silence,176775,196775,True,False
baseline,word,119,10, inputs,193240,193340,100,True,True,100,100,1,27,long_silence,176775,196775,True,False
baseline,word,119,11,.,193340,193440,100,True,True,100,100,1,27,long_silence,176775,196775,True,False
baseline,word,154,1, is,278710,278810,100,True,True,100,100,1,39,short_silence,278000,279158,True,False
baseline,word,57,9, inputs,132240,132340,100,False,True,98,98,1,15,short_silence,132242,133169,True,False
baseline,word,86,9, inputs,161240,161340,100,False,True,98,98,1,23,short_silence,161242,162315,True,False
baseline,word,10,6, rep,81510,81600,90,True,True,90,90,1,8,long_silence,69954,89954,True,False
baseline,word,12,7,utable,86010,86100,90,True,True,90,90,1,8,long_silence,69954,89954,True,False
baseline,word,13,6, rep,87510,87600,90,True,True,90,90,1,8,long_silence,69954,89954,True,False
baseline,word,14,6, rep,89510,89600,90,True,True,90,90,1,8,long_silence,69954,89954,True,False
baseline,word,17,7,utable,92010,92100,90,True,True,90,90,1,9,long_silence,91742,111742,True,False
baseline,word,18,7,utable,93010,93100,90,True,True,90,90,1,9,long_silence,91742,111742,True,False
baseline,word,19,8,utable,94010,94100,90,True,True,90,90,1,9,long_silence,91742,111742,True,False
baseline,word,21,7,utable,95010,95100,90,True,True,90,90,1,9,long_silence,91742,111742,True,False
baseline,word,22,7,utable,96010,96100,90,True,True,90,90,1,9,long_silence,91742,111742,True,False
baseline,word,23,8,utable,97010,97100,90,True,True,90,90,1,9,long_silence,91742,111742,True,False
baseline,word,24,7,utable,98010,98100,90,True,True,90,90,1,9,long_silence,91742,111742,True,False
baseline,word,25,7,utable,99010,99100,90,True,True,90,90,1,9,long_silence,91742,111742,True,False
baseline,word,26,7,utable,100010,100100,90,True,True,90,90,1,9,long_silence,91742,111742,True,False
baseline,word,27,8,utable,101010,101100,90,True,True,90,90,1,9,long_silence,91742,111742,True,False
baseline,word,28,7,utable,102010,102100,90,True,True,90,90,1,9,long_silence,91742,111742,True,False
baseline,word,29,7,utable,103010,103100,90,True,True,90,90,1,9,long_silence,91742,111742,True,False
baseline,word,30,7,utable,104010,104100,90,True,True,90,90,1,9,long_silence,91742,111742,True,False
baseline,word,31,7,utable,105010,105100,90,True,True,90,90,1,9,long_silence,91742,111742,True,False
baseline,word,32,8,utable,106010,106100,90,True,True,90,90,1,9,long_silence,91742,111742,True,False
baseline,word,33,7,utable,107010,107100,90,True,True,90,90,1,9,long_silence,91742,111742,True,False
baseline,word,34,7,utable,108010,108100,90,True,True,90,90,1,9,long_silence,91742,111742,True,False
baseline,word,35,6, rep,109510,109600,90,True,True,90,90,1,9,long_silence,91742,111742,True,False
baseline,word,36,8,utable,111010,111100,90,True,True,90,90,1,9,long_silence,91742,111742,True,False
baseline,word,40,7,utable,115010,115100,90,True,True,90,90,1,10,short_silence,114494,115138,True,False
baseline,word,47,7,utable,122010,122100,90,True,True,90,90,1,12,short_silence,121724,122796,True,False
baseline,word,50,7,utable,125010,125100,90,True,True,90,90,1,13,short_silence,124665,125713,True,False
baseline,word,54,7,utable,129010,129100,90,True,True,90,90,1,14,short_silence,128580,129699,True,False
baseline,word,58,7,utable,133010,133100,90,True,True,90,90,1,15,short_silence,132242,133169,True,False
baseline,word,62,8,utable,137010,137100,90,True,True,90,90,1,16,short_silence,136153,137577,True,False
baseline,word,66,7,utable,141010,141100,90,True,True,90,90,1,17,short_silence,140537,141832,True,False
baseline,word,69,7,utable,144010,144100,90,True,True,90,90,1,18,short_silence,143596,144397,True,False
baseline,word,72,7,utable,147010,147100,90,True,True,90,90,1,19,short_silence,146904,148134,True,False
baseline,word,73,7,utable,148010,148100,90,True,True,90,90,1,19,short_silence,146904,148134,True,False
baseline,word,76,7,utable,151010,151100,90,True,True,90,90,1,20,short_silence,150537,151110,True,False
baseline,word,79,7,utable,154010,154100,90,True,True,90,90,1,21,short_silence,153432,154689,True,False
baseline,word,83,7,utable,158010,158100,90,True,True,90,90,1,22,short_silence,157383,158304,True,False
baseline,word,87,7,utable,162010,162100,90,True,True,90,90,1,23,short_silence,161242,162315,True,False
baseline,word,91,7,utable,166010,166100,90,True,True,90,90,1,24,short_silence,165380,166230,True,False
baseline,word,94,8,utable,169010,169100,90,True,True,90,90,1,25,short_silence,168924,169880,True,False
baseline,word,98,8,utable,173010,173100,90,True,True,90,90,1,26,short_silence,172840,173814,True,False
baseline,word,102,7,utable,177010,177100,90,True,True,90,90,1,27,long_silence,176775,196775,True,False
baseline,word,103,8,utable,178010,178100,90,True,True,90,90,1,27,long_silence,176775,196775,True,False
baseline,word,104,7,utable,179010,179100,90,True,True,90,90,1,27,long_silence,176775,196775,True,False
baseline,word,105,7,utable,180010,180100,90,True,True,90,90,1,27,long_silence,176775,196775,True,False
baseline,word,106,7,utable,181010,181100,90,True,True,90,90,1,27,long_silence,176775,196775,True,False
baseline,word,107,7,utable,182010,182100,90,True,True,90,90,1,27,long_silence,176775,196775,True,False
baseline,word,108,7,utable,183010,183100,90,True,True,90,90,1,27,long_silence,176775,196775,True,False
baseline,word,109,7,utable,184010,184100,90,True,True,90,90,1,27,long_silence,176775,196775,True,False
baseline,word,110,7,utable,185010,185100,90,True,True,90,90,1,27,long_silence,176775,196775,True,False
baseline,word,111,7,utable,186010,186100,90,True,True,90,90,1,27,long_silence,176775,196775,True,False
baseline,word,112,7,utable,187010,187100,90,True,True,90,90,1,27,long_silence,176775,196775,True,False
baseline,word,113,7,utable,188010,188100,90,True,True,90,90,1,27,long_silence,176775,196775,True,False
baseline,word,115,7,utable,189010,189100,90,True,True,90,90,1,27,long_silence,176775,196775,True,False
baseline,word,116,7,utable,190010,190100,90,True,True,90,90,1,27,long_silence,176775,196775,True,False
baseline,word,117,7,utable,191010,191100,90,True,True,90,90,1,27,long_silence,176775,196775,True,False
baseline,word,118,7,utable,192010,192100,90,True,True,90,90,1,27,long_silence,176775,196775,True,False
baseline,word,119,8,utable,193010,193100,90,True,True,90,90,1,27,long_silence,176775,196775,True,False
baseline,word,55,3, validation,129610,129770,160,True,False,89,89,1,14,short_silence,128580,129699,True,False
baseline,word,156,4, jumps,285680,286070,390,True,False,89,89,1,41,short_silence,285123,285769,True,False
baseline,word,4,7,amp,58090,58290,200,False,True,88,88,1,5,short_silence,58202,58761,True,False
baseline,word,157,4, words,288860,289260,400,True,False,88,88,1,42,short_silence,287882,288948,True,False
baseline,word,43,7,utable,118010,118100,90,False,True,83,83,1,11,short_silence,118017,119077,True,False
baseline,word,146,8,.,233230,233430,200,False,True,81,81,1,32,long_silence,233349,253349,True,False
baseline,word,6,10,.,66360,66440,80,True,True,80,80,1,7,short_silence,65951,67028,True,False
baseline,word,12,2,based,85530,85610,80,True,True,80,80,1,8,long_silence,69954,89954,True,False
baseline,word,12,4, benefits,85770,85850,80,True,True,80,80,1,8,long_silence,69954,89954,True,False
baseline,word,17,4, benefits,91770,91850,80,True,True,80,80,1,9,long_silence,91742,111742,True,False
baseline,word,18,2,based,92530,92610,80,True,True,80,80,1,9,long_silence,91742,111742,True,False
baseline,word,18,4, benefits,92770,92850,80,True,True,80,80,1,9,long_silence,91742,111742,True,False
baseline,word,19,3,based,93530,93610,80,True,True,80,80,1,9,long_silence,91742,111742,True,False
baseline,word,19,5, benefits,93770,93850,80,True,True,80,80,1,9,long_silence,91742,111742,True,False
baseline,word,21,2,based,94530,94610,80,True,True,80,80,1,9,long_silence,91742,111742,True,False
baseline,word,21,4, benefits,94770,94850,80,True,True,80,80,1,9,long_silence,91742,111742,True,False
baseline,word,22,2,based,95530,95610,80,True,True,80,80,1,9,long_silence,91742,111742,True,False
baseline,word,22,4, benefits,95770,95850,80,True,True,80,80,1,9,long_silence,91742,111742,True,False
baseline,word,23,3,based,96530,96610,80,True,True,80,80,1,9,long_silence,91742,111742,True,False
baseline,word,23,5, benefits,96770,96850,80,True,True,80,80,1,9,long_silence,91742,111742,True,False
baseline,word,24,2,based,97530,97610,80,True,True,80,80,1,9,long_silence,91742,111742,True,False
baseline,word,24,4, benefits,97770,97850,80,True,True,80,80,1,9,long_silence,91742,111742,True,False
baseline,word,25,2,based,98530,98610,80,True,True,80,80,1,9,long_silence,91742,111742,True,False
baseline,word,25,4, benefits,98770,98850,80,True,True,80,80,1,9,long_silence,91742,111742,True,False
baseline,word,26,2,based,99530,99610,80,True,True,80,80,1,9,long_silence,91742,111742,True,False
baseline,word,26,4, benefits,99770,99850,80,True,True,80,80,1,9,long_silence,91742,111742,True,False
baseline,word,27,3,based,100530,100610,80,True,True,80,80,1,9,long_silence,91742,111742,True,False
baseline,word,27,5, benefits,100770,100850,80,True,True,80,80,1,9,long_silence,91742,111742,True,False
baseline,word,28,2,based,101530,101610,80,True,True,80,80,1,9,long_silence,91742,111742,True,False
baseline,word,28,4, benefits,101770,101850,80,True,True,80,80,1,9,long_silence,91742,111742,True,False
baseline,word,29,2,based,102530,102610,80,True,True,80,80,1,9,long_silence,91742,111742,True,False
baseline,word,29,4, benefits,102770,102850,80,True,True,80,80,1,9,long_silence,91742,111742,True,False
baseline,word,30,2,based,103530,103610,80,True,True,80,80,1,9,long_silence,91742,111742,True,False
baseline,word,30,4, benefits,103770,103850,80,True,True,80,80,1,9,long_silence,91742,111742,True,False
baseline,word,31,2,based,104530,104610,80,True,True,80,80,1,9,long_silence,91742,111742,True,False
baseline,word,31,4, benefits,104770,104850,80,True,True,80,80,1,9,long_silence,91742,111742,True,False
baseline,word,32,3,based,105530,105610,80,True,True,80,80,1,9,long_silence,91742,111742,True,False
baseline,word,32,5, benefits,105770,105850,80,True,True,80,80,1,9,long_silence,91742,111742,True,False
baseline,word,33,2,based,106530,106610,80,True,True,80,80,1,9,long_silence,91742,111742,True,False
baseline,word,33,4, benefits,106770,106850,80,True,True,80,80,1,9,long_silence,91742,111742,True,False
baseline,word,34,2,based,107530,107610,80,True,True,80,80,1,9,long_silence,91742,111742,True,False
baseline,word,34,4, benefits,107770,107850,80,True,True,80,80,1,9,long_silence,91742,111742,True,False
baseline,word,36,3,based,110530,110610,80,True,True,80,80,1,9,long_silence,91742,111742,True,False
baseline,word,36,5, benefits,110770,110850,80,True,True,80,80,1,9,long_silence,91742,111742,True,False
baseline,word,37,2,based,111530,111610,80,True,True,80,80,1,9,long_silence,91742,111742,True,False
baseline,word,40,2,based,114530,114610,80,True,True,80,80,1,10,short_silence,114494,115138,True,False
baseline,word,40,4, benefits,114770,114850,80,True,True,80,80,1,10,short_silence,114494,115138,True,False
baseline,word,44,2,based,118530,118610,80,True,True,80,80,1,11,short_silence,118017,119077,True,False
baseline,word,44,4, benefits,118770,118850,80,True,True,80,80,1,11,short_silence,118017,119077,True,False
baseline,word,47,4, benefits,121770,121850,80,True,True,80,80,1,12,short_silence,121724,122796,True,False
baseline,word,48,2,based,122530,122610,80,True,True,80,80,1,12,short_silence,121724,122796,True,False
baseline,word,50,4, benefits,124770,124850,80,True,True,80,80,1,13,short_silence,124665,125713,True,False
baseline,word,51,2,based,125530,125610,80,True,True,80,80,1,13,short_silence,124665,125713,True,False
baseline,word,54,4, benefits,128770,128850,80,True,True,80,80,1,14,short_silence,128580,129699,True,False
baseline,word,55,2,based,129530,129610,80,True,True,80,80,1,14,short_silence,128580,129699,True,False
baseline,word,58,2,based,132530,132610,80,True,True,80,80,1,15,short_silence,132242,133169,True,False
baseline,word,58,4, benefits,132770,132850,80,True,True,80,80,1,15,short_silence,132242,133169,True,False
baseline,word,62,3,based,136530,136610,80,True,True,80,80,1,16,short_silence,136153,137577,True,False
baseline,word,62,5, benefits,136770,136850,80,True,True,80,80,1,16,short_silence,136153,137577,True,False
baseline,word,66,4, benefits,140770,140850,80,True,True,80,80,1,17,short_silence,140537,141832,True,False
baseline,word,67,2,based,141530,141610,80,True,True,80,80,1,17,short_silence,140537,141832,True,False
baseline,word,69,4, benefits,143770,143850,80,True,True,80,80,1,18,short_silence,143596,144397,True,False
baseline,word,73,2,based,147530,147610,80,True,True,80,80,1,19,short_silence,146904,148134,True,False
baseline,word,73,4, benefits,147770,147850,80,True,True,80,80,1,19,short_silence,146904,148134,True,False
baseline,word,76,4, benefits,150770,150850,80,True,True,80,80,1,20,short_silence,150537,151110,True,False
baseline,word,79,2,based,153530,153610,80,True,True,80,80,1,21,short_silence,153432,154689,True,False
baseline,word,79,4, benefits,153770,153850,80,True,True,80,80,1,21,short_silence,153432,154689,True,False
baseline,word,80,2,based,154530,154610,80,True,True,80,80,1,21,short_silence,153432,154689,True,False
baseline,word,83,2,based,157530,157610,80,True,True,80,80,1,22,short_silence,157383,158304,True,False
baseline,word,83,4, benefits,157770,157850,80,True,True,80,80,1,22,short_silence,157383,158304,True,False
baseline,word,87,2,based,161530,161610,80,True,True,80,80,1,23,short_silence,161242,162315,True,False
baseline,word,87,4, benefits,161770,161850,80,True,True,80,80,1,23,short_silence,161242,162315,True,False
baseline,word,91,2,based,165530,165610,80,True,True,80,80,1,24,short_silence,165380,166230,True,False
baseline,word,91,4, benefits,165770,165850,80,True,True,80,80,1,24,short_silence,165380,166230,True,False
baseline,word,95,2,based,169530,169610,80,True,True,80,80,1,25,short_silence,168924,169880,True,False
baseline,word,95,4, benefits,169770,169850,80,True,True,80,80,1,25,short_silence,168924,169880,True,False
baseline,word,99,2,based,173530,173610,80,True,True,80,80,1,26,short_silence,172840,173814,True,False
baseline,word,103,3,based,177530,177610,80,True,True,80,80,1,27,long_silence,176775,196775,True,False
baseline,word,103,5, benefits,177770,177850,80,True,True,80,80,1,27,long_silence,176775,196775,True,False
baseline,word,104,2,based,178530,178610,80,True,True,80,80,1,27,long_silence,176775,196775,True,False
baseline,word,104,4, benefits,178770,178850,80,True,True,80,80,1,27,long_silence,176775,196775,True,False
baseline,word,105,2,based,179530,179610,80,True,True,80,80,1,27,long_silence,176775,196775,True,False
baseline,word,105,4, benefits,179770,179850,80,True,True,80,80,1,27,long_silence,176775,196775,True,False
baseline,word,106,2,based,180530,180610,80,True,True,80,80,1,27,long_silence,176775,196775,True,False
baseline,word,106,4, benefits,180770,180850,80,True,True,80,80,1,27,long_silence,176775,196775,True,False
baseline,word,107,2,based,181530,181610,80,True,True,80,80,1,27,long_silence,176775,196775,True,False
baseline,word,107,4, benefits,181770,181850,80,True,True,80,80,1,27,long_silence,176775,196775,True,False
baseline,word,108,2,based,182530,182610,80,True,True,80,80,1,27,long_silence,176775,196775,True,False
baseline,word,108,4, benefits,182770,182850,80,True,True,80,80,1,27,long_silence,176775,196775,True,False
baseline,word,109,2,based,183530,183610,80,True,True,80,80,1,27,long_silence,176775,196775,True,False
baseline,word,109,4, benefits,183770,183850,80,True,True,80,80,1,27,long_silence,176775,196775,True,False
baseline,word,110,2,based,184530,184610,80,True,True,80,80,1,27,long_silence,176775,196775,True,False
baseline,word,110,4, benefits,184770,184850,80,True,True,80,80,1,27,long_silence,176775,196775,True,False
baseline,word,111,2,based,185530,185610,80,True,True,80,80,1,27,long_silence,176775,196775,True,False
baseline,word,111,4, benefits,185770,185850,80,True,True,80,80,1,27,long_silence,176775,196775,True,False
baseline,word,112,2,based,186530,186610,80,True,True,80,80,1,27,long_silence,176775,196775,True,False
baseline,word,112,4, benefits,186770,186850,80,True,True,80,80,1,27,long_silence,176775,196775,True,False
baseline,word,113,2,based,187530,187610,80,True,True,80,80,1,27,long_silence,176775,196775,True,False
baseline,word,113,4, benefits,187770,187850,80,True,True,80,80,1,27,long_silence,176775,196775,True,False
baseline,word,115,2,based,188530,188610,80,True,True,80,80,1,27,long_silence,176775,196775,True,False
baseline,word,115,4, benefits,188770,188850,80,True,True,80,80,1,27,long_silence,176775,196775,True,False
baseline,word,116,2,based,189530,189610,80,True,True,80,80,1,27,long_silence,176775,196775,True,False
baseline,word,116,4, benefits,189770,189850,80,True,True,80,80,1,27,long_silence,176775,196775,True,False
baseline,word,117,2,based,190530,190610,80,True,True,80,80,1,27,long_silence,176775,196775,True,False
baseline,word,117,4, benefits,190770,190850,80,True,True,80,80,1,27,long_silence,176775,196775,True,False
baseline,word,118,2,based,191530,191610,80,True,True,80,80,1,27,long_silence,176775,196775,True,False
baseline,word,118,4, benefits,191770,191850,80,True,True,80,80,1,27,long_silence,176775,196775,True,False
baseline,word,119,3,based,192530,192610,80,True,True,80,80,1,27,long_silence,176775,196775,True,False
baseline,word,119,5, benefits,192770,192850,80,True,True,80,80,1,27,long_silence,176775,196775,True,False
baseline,word,151,9,.,270360,270440,80,True,True,80,80,1,37,short_silence,270324,271811,True,False
baseline,word,153,11,.,278360,278440,80,True,True,80,80,1,39,short_silence,278000,279158,True,False
baseline,word,80,3, validation,154610,154770,160,True,False,79,79,1,21,short_silence,153432,154689,True,False
baseline,word,61,8, synthetic,136100,136230,130,False,True,77,77,1,16,short_silence,136153,137577,True,False
baseline,word,87,9, inputs,162240,162340,100,True,False,75,75,1,23,short_silence,161242,162315,True,False
baseline,word,102,4, benefits,176770,176850,80,False,True,75,75,1,27,long_silence,176775,196775,True,False
baseline,word,66,2,based,140530,140610,80,False,True,73,73,1,17,short_silence,140537,141832,True,False
baseline,word,76,2,based,150530,150610,80,False,True,73,73,1,20,short_silence,150537,151110,True,False
baseline,word,10,0, Agent,80530,80600,70,True,True,70,70,1,8,long_silence,69954,89954,True,False
baseline,word,12,5, from,85890,85960,70,True,True,70,70,1,8,long_silence,69954,89954,True,False
baseline,word,13,0, Agent,86530,86600,70,True,True,70,70,1,8,long_silence,69954,89954,True,False
baseline,word,14,0, Agent,88530,88600,70,True,True,70,70,1,8,long_silence,69954,89954,True,False
baseline,word,17,5, from,91890,91960,70,True,True,70,70,1,9,long_silence,91742,111742,True,False
baseline,word,18,5, from,92890,92960,70,True,True,70,70,1,9,long_silence,91742,111742,True,False
baseline,word,19,6, from,93890,93960,70,True,True,70,70,1,9,long_silence,91742,111742,True,False
baseline,word,21,5, from,94890,94960,70,True,True,70,70,1,9,long_silence,91742,111742,True,False
baseline,word,22,5, from,95890,95960,70,True,True,70,70,1,9,long_silence,91742,111742,True,False
baseline,word,23,6, from,96890,96960,70,True,True,70,70,1,9,long_silence,91742,111742,True,False
baseline,word,24,5, from,97890,97960,70,True,True,70,70,1,9,long_silence,91742,111742,True,False
baseline,word,25,5, from,98890,98960,70,True,True,70,70,1,9,long_silence,91742,111742,True,False
baseline,word,26,5, from,99890,99960,70,True,True,70,70,1,9,long_silence,91742,111742,True,False
baseline,word,27,6, from,100890,100960,70,True,True,70,70,1,9,long_silence,91742,111742,True,False
baseline,word,28,5, from,101890,101960,70,True,True,70,70,1,9,long_silence,91742,111742,True,False
baseline,word,29,5, from,102890,102960,70,True,True,70,70,1,9,long_silence,91742,111742,True,False
baseline,word,30,5, from,103890,103960,70,True,True,70,70,1,9,long_silence,91742,111742,True,False
baseline,word,31,5, from,104890,104960,70,True,True,70,70,1,9,long_silence,91742,111742,True,False
baseline,word,32,6, from,105890,105960,70,True,True,70,70,1,9,long_silence,91742,111742,True,False
baseline,word,33,5, from,106890,106960,70,True,True,70,70,1,9,long_silence,91742,111742,True,False
baseline,word,34,5, from,107890,107960,70,True,True,70,70,1,9,long_silence,91742,111742,True,False
baseline,word,35,0, Agent,108530,108600,70,True,True,70,70,1,9,long_silence,91742,111742,True,False
baseline,word,36,6, from,110890,110960,70,True,True,70,70,1,9,long_silence,91742,111742,True,False
baseline,word,40,5, from,114890,114960,70,True,True,70,70,1,10,short_silence,114494,115138,True,False
baseline,word,44,5, from,118890,118960,70,True,True,70,70,1,11,short_silence,118017,119077,True,False
baseline,word,47,5, from,121890,121960,70,True,True,70,70,1,12,short_silence,121724,122796,True,False
baseline,word,50,5, from,124890,124960,70,True,True,70,70,1,13,short_silence,124665,125713,True,False
baseline,word,54,5, from,128890,128960,70,True,True,70,70,1,14,short_silence,128580,129699,True,False
baseline,word,58,5, from,132890,132960,70,True,True,70,70,1,15,short_silence,132242,133169,True,False
baseline,word,62,6, from,136890,136960,70,True,True,70,70,1,16,short_silence,136153,137577,True,False
baseline,word,66,5, from,140890,140960,70,True,True,70,70,1,17,short_silence,140537,141832,True,False
baseline,word,69,5, from,143890,143960,70,True,True,70,70,1,18,short_silence,143596,144397,True,False
baseline,word,73,5, from,147890,147960,70,True,True,70,70,1,19,short_silence,146904,148134,True,False
baseline,word,76,5, from,150890,150960,70,True,True,70,70,1,20,short_silence,150537,151110,True,False
baseline,word,79,5, from,153890,153960,70,True,True,70,70,1,21,short_silence,153432,154689,True,False
baseline,word,83,5, from,157890,157960,70,True,True,70,70,1,22,short_silence,157383,158304,True,False
baseline,word,87,5, from,161890,161960,70,True,True,70,70,1,23,short_silence,161242,162315,True,False
baseline,word,91,5, from,165890,165960,70,True,True,70,70,1,24,short_silence,165380,166230,True,False
baseline,word,98,6, from,172890,172960,70,True,True,70,70,1,26,short_silence,172840,173814,True,False
baseline,word,102,5, from,176890,176960,70,True,True,70,70,1,27,long_silence,176775,196775,True,False
baseline,word,103,6, from,177890,177960,70,True,True,70,70,1,27,long_silence,176775,196775,True,False
baseline,word,104,5, from,178890,178960,70,True,True,70,70,1,27,long_silence,176775,196775,True,False
baseline,word,105,5, from,179890,179960,70,True,True,70,70,1,27,long_silence,176775,196775,True,False
baseline,word,106,5, from,180890,180960,70,True,True,70,70,1,27,long_silence,176775,196775,True,False
baseline,word,107,5, from,181890,181960,70,True,True,70,70,1,27,long_silence,176775,196775,True,False
baseline,word,108,5, from,182890,182960,70,True,True,70,70,1,27,long_silence,176775,196775,True,False
baseline,word,109,5, from,183890,183960,70,True,True,70,70,1,27,long_silence,176775,196775,True,False
baseline,word,110,5, from,184890,184960,70,True,True,70,70,1,27,long_silence,176775,196775,True,False
baseline,word,111,5, from,185890,185960,70,True,True,70,70,1,27,long_silence,176775,196775,True,False
baseline,word,112,5, from,186890,186960,70,True,True,70,70,1,27,long_silence,176775,196775,True,False
baseline,word,113,5, from,187890,187960,70,True,True,70,70,1,27,long_silence,176775,196775,True,False
baseline,word,115,5, from,188890,188960,70,True,True,70,70,1,27,long_silence,176775,196775,True,False
baseline,word,116,5, from,189890,189960,70,True,True,70,70,1,27,long_silence,176775,196775,True,False
baseline,word,117,5, from,190890,190960,70,True,True,70,70,1,27,long_silence,176775,196775,True,False
baseline,word,118,5, from,191890,191960,70,True,True,70,70,1,27,long_silence,176775,196775,True,False
baseline,word,119,6, from,192890,192960,70,True,True,70,70,1,27,long_silence,176775,196775,True,False
baseline,word,144,0, Agent,216530,216600,70,True,True,70,70,1,30,long_silence,207060,227060,True,False
baseline,word,58,8, synthetic,133100,133230,130,True,False,69,69,1,15,short_silence,132242,133169,True,False
baseline,word,44,7,utable,119010,119100,90,True,False,67,67,1,11,short_silence,118017,119077,True,False
baseline,word,83,9, inputs,158240,158340,100,True,False,64,64,1,22,short_silence,157383,158304,True,False
baseline,word,67,4, benefits,141770,141850,80,True,False,62,62,1,17,short_silence,140537,141832,True,False
baseline,word,150,4, words,263860,264260,400,True,False,61,61,1,35,short_silence,262872,263921,True,False
baseline,word,90,10,.,165340,165440,100,False,True,60,60,1,24,short_silence,165380,166230,True,False
baseline,word,121,0, Agent,193530,193590,60,True,True,60,60,1,27,long_silence,176775,196775,True,False
baseline,word,122,0, Agent,194530,194590,60,True,True,60,60,1,27,long_silence,176775,196775,True,False
baseline,word,123,0, Agent,195530,195590,60,True,True,60,60,1,27,long_silence,176775,196775,True,False
baseline,word,124,0, Agent,196530,196590,60,True,True,60,60,1,27,long_silence,176775,196775,True,False
baseline,word,127,0, Agent,199530,199590,60,True,True,60,60,1,28,short_silence,199085,200578,True,False
baseline,word,131,0, Agent,203530,203590,60,True,True,60,60,1,29,short_silence,203086,203972,True,False
baseline,word,135,0, Agent,207530,207590,60,True,True,60,60,1,30,long_silence,207060,227060,True,False
baseline,word,136,0, Agent,208530,208590,60,True,True,60,60,1,30,long_silence,207060,227060,True,False
baseline,word,137,0, Agent,209530,209590,60,True,True,60,60,1,30,long_silence,207060,227060,True,False
baseline,word,138,0, Agent,210530,210590,60,True,True,60,60,1,30,long_silence,207060,227060,True,False
baseline,word,139,0, Agent,211530,211590,60,True,True,60,60,1,30,long_silence,207060,227060,True,False
baseline,word,140,0, Agent,212530,212590,60,True,True,60,60,1,30,long_silence,207060,227060,True,False
baseline,word,141,0, Agent,213530,213590,60,True,True,60,60,1,30,long_silence,207060,227060,True,False
baseline,word,142,0, Agent,214530,214590,60,True,True,60,60,1,30,long_silence,207060,227060,True,False
baseline,word,154,2, a,278840,278900,60,True,True,60,60,1,39,short_silence,278000,279158,True,False
baseline,word,69,10,.,144340,144440,100,True,False,57,57,1,18,short_silence,143596,144397,True,False
baseline,word,82,10,.,157340,157440,100,False,True,57,57,1,22,short_silence,157383,158304,True,False
baseline,word,72,5, from,146890,146960,70,False,True,56,56,1,19,short_silence,146904,148134,True,False
baseline,word,12,6, rep,85960,86010,50,True,True,50,50,1,8,long_silence,69954,89954,True,False
baseline,word,17,6, rep,91960,92010,50,True,True,50,50,1,9,long_silence,91742,111742,True,False
baseline,word,18,6, rep,92960,93010,50,True,True,50,50,1,9,long_silence,91742,111742,True,False
baseline,word,19,7, rep,93960,94010,50,True,True,50,50,1,9,long_silence,91742,111742,True,False
baseline,word,21,6, rep,94960,95010,50,True,True,50,50,1,9,long_silence,91742,111742,True,False
baseline,word,22,6, rep,95960,96010,50,True,True,50,50,1,9,long_silence,91742,111742,True,False
baseline,word,23,7, rep,96960,97010,50,True,True,50,50,1,9,long_silence,91742,111742,True,False
baseline,word,24,6, rep,97960,98010,50,True,True,50,50,1,9,long_silence,91742,111742,True,False
baseline,word,25,6, rep,98960,99010,50,True,True,50,50,1,9,long_silence,91742,111742,True,False
baseline,word,26,6, rep,99960,100010,50,True,True,50,50,1,9,long_silence,91742,111742,True,False
baseline,word,27,7, rep,100960,101010,50,True,True,50,50,1,9,long_silence,91742,111742,True,False
baseline,word,28,6, rep,101960,102010,50,True,True,50,50,1,9,long_silence,91742,111742,True,False
baseline,word,29,6, rep,102960,103010,50,True,True,50,50,1,9,long_silence,91742,111742,True,False
baseline,word,30,6, rep,103960,104010,50,True,True,50,50,1,9,long_silence,91742,111742,True,False
baseline,word,31,6, rep,104960,105010,50,True,True,50,50,1,9,long_silence,91742,111742,True,False
baseline,word,32,7, rep,105960,106010,50,True,True,50,50,1,9,long_silence,91742,111742,True,False
baseline,word,33,6, rep,106960,107010,50,True,True,50,50,1,9,long_silence,91742,111742,True,False
baseline,word,34,6, rep,107960,108010,50,True,True,50,50,1,9,long_silence,91742,111742,True,False
baseline,word,36,7, rep,110960,111010,50,True,True,50,50,1,9,long_silence,91742,111742,True,False
baseline,word,40,6, rep,114960,115010,50,True,True,50,50,1,10,short_silence,114494,115138,True,False
baseline,word,44,6, rep,118960,119010,50,True,True,50,50,1,11,short_silence,118017,119077,True,False
baseline,word,47,6, rep,121960,122010,50,True,True,50,50,1,12,short_silence,121724,122796,True,False
baseline,word,50,6, rep,124960,125010,50,True,True,50,50,1,13,short_silence,124665,125713,True,False
baseline,word,54,6, rep,128960,129010,50,True,True,50,50,1,14,short_silence,128580,129699,True,False
baseline,word,58,6, rep,132960,133010,50,True,True,50,50,1,15,short_silence,132242,133169,True,False
baseline,word,62,7, rep,136960,137010,50,True,True,50,50,1,16,short_silence,136153,137577,True,False
baseline,word,66,6, rep,140960,141010,50,True,True,50,50,1,17,short_silence,140537,141832,True,False
baseline,word,69,6, rep,143960,144010,50,True,True,50,50,1,18,short_silence,143596,144397,True,False
baseline,word,72,6, rep,146960,147010,50,True,True,50,50,1,19,short_silence,146904,148134,True,False
baseline,word,73,6, rep,147960,148010,50,True,True,50,50,1,19,short_silence,146904,148134,True,False
baseline,word,76,6, rep,150960,151010,50,True,True,50,50,1,20,short_silence,150537,151110,True,False
baseline,word,79,6, rep,153960,154010,50,True,True,50,50,1,21,short_silence,153432,154689,True,False
baseline,word,83,6, rep,157960,158010,50,True,True,50,50,1,22,short_silence,157383,158304,True,False
baseline,word,87,6, rep,161960,162010,50,True,True,50,50,1,23,short_silence,161242,162315,True,False
baseline,word,91,6, rep,165960,166010,50,True,True,50,50,1,24,short_silence,165380,166230,True,False
baseline,word,94,7, rep,168960,169010,50,True,True,50,50,1,25,short_silence,168924,169880,True,False
baseline,word,98,7, rep,172960,173010,50,True,True,50,50,1,26,short_silence,172840,173814,True,False
baseline,word,102,6, rep,176960,177010,50,True,True,50,50,1,27,long_silence,176775,196775,True,False
baseline,word,103,7, rep,177960,178010,50,True,True,50,50,1,27,long_silence,176775,196775,True,False
baseline,word,104,6, rep,178960,179010,50,True,True,50,50,1,27,long_silence,176775,196775,True,False
baseline,word,105,6, rep,179960,180010,50,True,True,50,50,1,27,long_silence,176775,196775,True,False
baseline,word,106,6, rep,180960,181010,50,True,True,50,50,1,27,long_silence,176775,196775,True,False
baseline,word,107,6, rep,181960,182010,50,True,True,50,50,1,27,long_silence,176775,196775,True,False
baseline,word,108,6, rep,182960,183010,50,True,True,50,50,1,27,long_silence,176775,196775,True,False
baseline,word,109,6, rep,183960,184010,50,True,True,50,50,1,27,long_silence,176775,196775,True,False
baseline,word,110,6, rep,184960,185010,50,True,True,50,50,1,27,long_silence,176775,196775,True,False
baseline,word,111,6, rep,185960,186010,50,True,True,50,50,1,27,long_silence,176775,196775,True,False
baseline,word,112,6, rep,186960,187010,50,True,True,50,50,1,27,long_silence,176775,196775,True,False
baseline,word,113,6, rep,187960,188010,50,True,True,50,50,1,27,long_silence,176775,196775,True,False
baseline,word,115,6, rep,188960,189010,50,True,True,50,50,1,27,long_silence,176775,196775,True,False
baseline,word,116,6, rep,189960,190010,50,True,True,50,50,1,27,long_silence,176775,196775,True,False
baseline,word,117,6, rep,190960,191010,50,True,True,50,50,1,27,long_silence,176775,196775,True,False
baseline,word,118,6, rep,191960,192010,50,True,True,50,50,1,27,long_silence,176775,196775,True,False
baseline,word,119,7, rep,192960,193010,50,True,True,50,50,1,27,long_silence,176775,196775,True,False
baseline,word,128,0, Agent,200530,200590,60,True,False,48,48,1,28,short_silence,199085,200578,True,False
baseline,word,63,2,based,137530,137610,80,True,False,47,47,1,16,short_silence,136153,137577,True,False
baseline,word,47,3, validation,121610,121770,160,False,True,46,46,1,12,short_silence,121724,122796,True,False
baseline,word,99,4, benefits,173770,173850,80,True,False,44,44,1,26,short_silence,172840,173814,True,False
baseline,word,151,0, Now,266530,266680,150,False,True,42,42,1,36,short_silence,266638,268002,True,False
baseline,word,8,2,-,73670,73710,40,True,True,40,40,1,8,long_silence,69954,89954,True,False
baseline,word,11,1,-,82690,82730,40,True,True,40,40,1,8,long_silence,69954,89954,True,False
baseline,word,40,8, synthetic,115100,115230,130,True,False,38,38,1,10,short_silence,114494,115138,True,False
baseline,word,94,6, from,168890,168960,70,False,True,36,36,1,25,short_silence,168924,169880,True,False
baseline,word,73,8, synthetic,148100,148230,130,True,False,34,34,1,19,short_silence,146904,148134,True,False
baseline,word,151,5, with,267970,268290,320,True,False,32,32,1,36,short_silence,266638,268002,True,False
baseline,word,7,1, A,66530,66560,30,True,True,30,30,1,7,short_silence,65951,67028,True,False
baseline,word,10,1,-,80600,80630,30,True,True,30,30,1,8,long_silence,69954,89954,True,False
baseline,word,13,1,-,86600,86630,30,True,True,30,30,1,8,long_silence,69954,89954,True,False
baseline,word,14,1,-,88600,88630,30,True,True,30,30,1,8,long_silence,69954,89954,True,False
baseline,word,35,1,-,108600,108630,30,True,True,30,30,1,9,long_silence,91742,111742,True,False
baseline,word,54,2,based,128530,128610,80,False,True,30,30,1,14,short_silence,128580,129699,True,False
baseline,word,121,1,-,193590,193620,30,True,True,30,30,1,27,long_silence,176775,196775,True,False
baseline,word,122,1,-,194590,194620,30,True,True,30,30,1,27,long_silence,176775,196775,True,False
baseline,word,123,1,-,195590,195620,30,True,True,30,30,1,27,long_silence,176775,196775,True,False
baseline,word,124,1,-,196590,196620,30,True,True,30,30,1,27,long_silence,176775,196775,True,False
baseline,word,127,1,-,199590,199620,30,True,True,30,30,1,28,short_silence,199085,200578,True,False
baseline,word,131,1,-,203590,203620,30,True,True,30,30,1,29,short_silence,203086,203972,True,False
baseline,word,135,1,-,207590,207620,30,True,True,30,30,1,30,long_silence,207060,227060,True,False
baseline,word,136,1,-,208590,208620,30,True,True,30,30,1,30,long_silence,207060,227060,True,False
baseline,word,137,1,-,209590,209620,30,True,True,30,30,1,30,long_silence,207060,227060,True,False
baseline,word,138,1,-,210590,210620,30,True,True,30,30,1,30,long_silence,207060,227060,True,False
baseline,word,139,1,-,211590,211620,30,True,True,30,30,1,30,long_silence,207060,227060,True,False
baseline,word,140,1,-,212590,212620,30,True,True,30,30,1,30,long_silence,207060,227060,True,False
baseline,word,141,1,-,213590,213620,30,True,True,30,30,1,30,long_silence,207060,227060,True,False
baseline,word,142,1,-,214590,214620,30,True,True,30,30,1,30,long_silence,207060,227060,True,False
baseline,word,144,1,-,216600,216630,30,True,True,30,30,1,30,long_silence,207060,227060,True,False
baseline,word,158,1,-,291780,291810,30,True,True,30,30,1,43,short_silence,291677,292692,True,False
baseline,word,17,3, validation,91610,91770,160,False,True,28,28,1,9,long_silence,91742,111742,True,False
baseline,word,48,4, benefits,122770,122850,80,True,False,26,26,1,12,short_silence,121724,122796,True,False
baseline,word,149,3, align,260200,260500,300,True,False,25,25,1,34,short_silence,259228,260225,True,False
baseline,word,69,2,based,143530,143610,80,False,True,14,14,1,18,short_silence,143596,144397,True,False
baseline,word,76,8, synthetic,151100,151230,130,True,False,10,10,1,20,short_silence,150537,151110,True,False
baseline,word,98,5, benefits,172770,172850,80,False,True,10,10,1,26,short_silence,172840,173814,True,False
baseline,word,78,11,.,153340,153440,100,False,True,8,8,1,21,short_silence,153432,154689,True,False
baseline,word,124,3, validation,196770,197040,270,True,False,5,5,1,27,long_silence,176775,196775,True,False
stable,segment,26,-1, We are generating synthetic speech for timestamp quality checks.,188000,195100,7100,True,True,7100,7100,1,27,long_silence,176775,196775,True,True
stable,segment,3,-1, A longer pause may appear occasionally in this generated file.,31120,35260,4140,False,False,586,586,1,3,short_silence,31776,32362,True,True
stable,segment,39,-1, Whisper should align words near the actual spoken audio.,274920,277880,2960,True,False,491,491,1,38,short_silence,274760,275411,True,False
stable,segment,9,-1, We are generating synthetic speech for timestamp quality checks.,115100,117780,2680,True,False,38,38,1,10,short_silence,114494,115138,True,False
stable,segment,25,-1, We are generating synthetic speech for timestamp quality checks.,173780,176520,2740,True,False,34,34,1,26,short_silence,172840,173814,True,False
stable,segment,12,-1, We are generating synthetic speech for timestamp quality checks.,125680,128340,2660,True,False,33,33,1,13,short_silence,124665,125713,True,False
stable,segment,21,-1, We are generating synthetic speech for timestamp quality checks.,158280,161000,2720,True,False,24,24,1,22,short_silence,157383,158304,True,False
stable,segment,4,-1, We are generating synthetic speech for timestamp quality checks.,55300,57980,2680,True,False,23,23,1,4,long_silence,35323,55323,True,False
stable,segment,5,-1, Agent-based validation benefits from repeatable synthetic inputs.,58740,61780,3040,True,False,21,21,1,5,short_silence,58202,58761,True,False
stable,segment,2,-1, The quick brown fox jumps over the lazy dark.,26380,28480,2100,True,False,18,18,1,1,long_silence,6398,26398,True,False
stable,segment,10,-1, Whisper should align words near the actual spoken audio.,119060,121600,2540,True,False,17,17,1,11,short_silence,118017,119077,True,False
stable,segment,44,-1, Agent-based validation benefits from repeatable synthetic inputs.,292680,295480,2800,True,False,12,12,1,43,short_silence,291677,292692,True,False
stable,segment,38,-1, A longer pause may appear occasionally in this generated file.,271800,274640,2840,True,False,11,11,1,37,short_silence,270324,271811,True,False
stable,segment,19,-1, The quick brown fox jumps over the lazy dog.,151100,153340,2240,True,False,10,10,1,20,short_silence,150537,151110,True,False
stable,segment,34,-1, A longer pause may appear occasionally in this generated file.,256420,259120,2700,True,False,10,10,1,33,short_silence,255683,256430,True,False
stable,segment,42,-1, The quick brown fox jumps over the lazy dog.,285760,287780,2020,True,False,9,9,1,41,short_silence,285123,285769,True,False
stable,segment,7,-1, A longer pause may appear occasionally in this generated file.,67020,69840,2820,True,False,8,8,1,7,short_silence,65951,67028,True,False
stable,segment,1,-1, This is a stable timestamps verification sample.,3920,6320,2400,True,False,5,5,1,0,short_silence,3030,3925,True,False
